Job Title,Job Description,Skills,Certifications
Associate Infrastructure Support Engineer,"The Associate Infrastructure Support Engineer performs routine infrastructure operations and maintenance activities. They assist with monitoring infrastructure performance. They check for problems in existing systems and modify work processes by following defined procedures, processes, and quality standards. They are required to be on standby with on-call availability with varied shifts including nights, weekends, and holidays. The Associate Infrastructure Support Engineer works in a team setting and is proficient in infrastructure systems and network-related tools and techniques required by the organization. They are also familiar with the relevant software platforms on which the database is deployed. The Associate Infrastructure Support Engineer can solve issues quickly and effectively as they arise. They can methodically identify the cause of the issue, evaluate it, and develop a solution in collaboration with the team. They can communicate effectively and display high service level standards.",Business Needs Analysis Level 2; Cyber and Data Breach Incident Management Level 2; Infrastructure Deployment Level 1-2; Infrastructure Support Level 1-2; Network Administration and Maintenance Level 1-2; Network Configuration Level 2; Process Improvement and Optimization Level 3; Procurement Level 2; Project Management Level 3; Service Level Management Level 3; Stakeholder Management Level 2-3; Collaboration Basic; Communication Basic; Digital Fluency Basic; Problem Solving Basic; Self Management Basic,
Infrastructure Support Engineer,"The Infrastructure Support Engineer assists with infrastructure planning, design, operations, and maintenance. They assist with technical infrastructure performance analysis to identify problems and risks, make improvement recommendations, and support the implementation of preventive solutions. They follow procedures, processes, and quality standards and take appropriate corrective action in response to readily identifiable infrastructure problems and incidents. They are required to be on standby with on-call availability with varied shifts including nights, weekends, and holidays. The Infrastructure Support Engineer works in a team setting and is proficient in Infrastructure systems and network-related tools and techniques required by the organization. They are also familiar with the relevant software platforms on which the database is deployed. The Infrastructure Support Engineer can resolve issues quickly and effectively as they arise. They can methodically identify and evaluate the cause of issues, and develop solutions in collaboration with the team. They can communicate effectively and display high service level standards.",Business Continuity Level 4; Business Needs Analysis Level 3; Cyber and Data Breach Incident Management Level 3-4; Infrastructure Deployment Level 3; Infrastructure Support Level 3; Learning and Development Level 4; Network Administration and Maintenance Level 3; Network Configuration Level 3; People and Performance Management Level 3; Problem Management Level 3; Process Improvement and Optimization Level 4; Procurement Level 3; Project Management Level 4; Service Level Management Level 4; Stakeholder Management Level 4; Strategy Implementation Level 3; Collaboration Intermediate; Communication Intermediate; Digital Fluency Basic; Problem Solving Intermediate; Self Management Intermediate,
Associate Systems Support Engineer,"The Associate Systems Support Engineer performs routine systems administration-related activities. They ensure systems operate in a manner that meets business needs and that system improvements are successfully implemented. They assist with implementing remedial actions in the event of system failures/breakdowns. They maximize service uptime, maintain system backups, manage service licensing, and maintain security standards. They are required to be on standby with on-call availability with varied shifts including nights, weekends, and holidays to resolve systems-related incidents. The Associate Systems Support Engineer works in a team setting and is proficient in infrastructure systems and network-related tools and techniques required by the organization. They are also familiar with the relevant platforms on which the database is deployed on. The Associate Systems Support Engineer can quickly and effectively solve issues as they arise. They can methodically identify the cause of the issue, evaluate it, and develop a solution in collaboration with the team. They can communicate effectively and display high service level standards.",Business Needs Analysis Level 2; Configuration Tracking Level 1-2; Cyber and Data Breach Incident Management Level 2; Infrastructure Support Level 1-2; IT Asset Management Level 2; Network Administration and Maintenance Level 1-2; Process Improvement and Optimisation Level 3; Procurement Level 2; Project Management Level 3; Security Administration Level 3; Service Level Management Level 3; Stakeholder Management Level 2-3; System Integration Level 3; Collaboration Basic; Communication Basic; Digital Fluency Basic; Problem Solving Basic; Self Management Basic,
Systems Support Engineer,"The Systems Support Engineer undertakes complex projects related to system provisioning, installations, and configurations as well as monitoring and maintenance of systems. They apply highly developed specialist knowledge and skills in systems administration and work toward continuous optimization of system performance. They implement system improvements and instruct other IT staff in the resolution of most complex issues. They are required to be on standby with on-call availability with varied shifts including nights, weekends, and holidays to resolve systems-related incidents. The Systems Support Engineer works in a team setting and is proficient in Infrastructure systems and network-related tools and techniques required by the organization. They are also familiar with the relevant platforms on which the database is deployed on. The Systems Support Engineer can quickly and effectively solve issues as they arise. They can methodically identify the cause of the issue, evaluate it, and develop a solution in collaboration with the team. They can communicate effectively and display high service level standards.",Business Continuity Level 4; Business Needs Analysis Level 3; Configuration Tracking Level 3; Cyber and Data Breach Incident Management Level 3-4; Infrastructure Support Level 3; IT Asset Management Level 3; Learning and Development Level 4; Network Administration and Maintenance Level 3; People and Performance Management Level 3; Performance Management Level 4; Problem Management Level 3; Process Improvement and Optimisation Level 4; Procurement Level 3; Project Management Level 4; Security Administration Level 4; Security Programme Management Level 3; Service Level Management Level 4; Collaboration Intermediate; Communication Intermediate; Digital Fluency Basic; Problem Solving Basic; Self Management Intermediate,
Associate Database Administrator,"The Associate Database Administrator identifies, tests, and deploys all database technologies (SQL, MySQL, PostgreSQL, MongoDB, and other relevant query language) and support tools. They ensure system improvements are successfully implemented and are responsible for verifying all data to be entered into the database meets set standards and requirements as well as installing, configuring, and maintaining the database infrastructure within assigned span-of-control. They assist in project planning by establishing work plans, estimates, milestones, and schedules. They are required to be on standby with on-call availability to resolve database-related incidents. The Associate Database Administrator works in a team setting and is proficient in database administration, and database management-related tools and techniques. They are also familiar with the relevant software platforms on which the database is deployed. The Associate Database Administrator can quickly and effectively solve issues as they arise. They can methodically identify the cause of the issue, evaluate it, and develop a solution in collaboration with the team. They can communicate effectively and display high service level standards.",Business Needs Analysis Level 2; Configuration Tracking Level 1-2; Cyber and Data Breach Incident Management Level 2; Data Engineering Level 2; Data Migration Level 3; Database Administration Level 2; Infrastructure Support Level 1-2; IT Asset Management Level 2; Problem Management Level 3; Process Improvement and Optimisation Level 3; Procurement Level 2; Project Management Level 3; Security Administration Level 2; Service Level Management Level 3; Stakeholder Management Level 2-3; Collaboration Basic; Communication Basic; Digital Fluency Basic; Problem Solving Basic; Self Management Basic,
Database Administrator,"The Database Administrator undertakes complex projects requiring additional technical knowledge and makes decisions on ambiguous administrative and support issues. They apply highly developed specialist knowledge and skills in database administration. They implement database improvements and provide the necessary advice on setting up new databases, optimizing database performance, and resolving issues that arise during the set-up and update of databases. They are also responsible for resolving database- related incidents and ensuring database security and integrity controls are in place. The Database Administrator works in a team setting and is proficient in database administration, and database management-related tools and techniques required by the organization. They are also familiar with the relevant software platforms on which the database is deployed on. The Database Administrator can methodically identify the causes of complex issues, evaluate them, and develop solutions in collaboration with the team. They can communicate effectively and display high service level standards.",Business Needs Analysis Level 3; Business Continuity Level 4; Configuration Tracking Level 3; Cyber and Data Breach Incident Management Level 3-4; Data Engineering Level 3; Data Migration Level 4; Database Administration Level 4; Infrastructure Support Level 3; IT Asset Management Level 3; IT Strategy Level 4; Learning and Development Level 4; People and Performance Management Level 3; Performance Management Level 4; Problem Management Level 3; Process Improvement and Optimization Level 4; Procurement Level 3; Project Management Level 4; Service Level Management Level 4; Stakeholder Management Level 4; Strategy Implementation Level 3; Security Administration Level 4; Collaboration Intermediate; Communication Intermediate; Digital Fluency Basic; Problem Solving Basic; Self Management Intermediate,
Associate Data Center Operations Engineer,"The Associate Data Center Operations Engineer provides data center systems maintenance and monitoring service and basic support in data center equipment installation. They should possess a strong foundation in operating systems, including proficiency in Linux and Windows OS. Essential skills involve scripting and automation capabilities, utilizing languages such as Bash or PowerShell to streamline tasks and enhance operational efficiency. They monitor data volume, maintain internal documentation, and perform independent troubleshooting of recurring issues whenever required. They also assist with the set-up of data center facilities and equipment, They are required to be on standby with on-call availability with varied shifts including nights, weekends, and holidays to resolve data center-related incidents. The Associate Data Center Operations Engineer works in a team setting and is proficient in database administration, infrastructure concepts, and database management-related tools and techniques. They are also familiar with the relevant software platforms on which the database is deployed. The Associate Data Center Operations Engineer can resolve issues quickly and effectively as they arise. They can methodically identify the cause of the issue, evaluate it, and develop a solution in collaboration with the team. They can communicate effectively and display high service level standards.",Business Needs Analysis Level 2; Cyber and Data Breach Incident Management Level 2; Data Center Facilities Management Level 2; Infrastructure Support Level 1-2; IT Asset Management Level 2; Process Improvement and Optimisation Level 3; Procurement Level 2; Project Management Level 3; Service Level Management Level 3; Stakeholder Management Level 2-3; System Integration Level 3; Communication Basic; Interpersonal Skills Basic; Problem Solving Basic; Service Orientation Basic; Teamwork Basic,
Data Center Operations Engineer,"The Data Center Operations Engineer provides support in data center equipment installation, logging data regarding the installed corporate server base, developing procedures for server installation, racking, un-racking, decommissioning hardware, and cable patching from server through to server farm switches. They manage the data center’s performance and operations. They monitor data volume and perform troubleshooting of non-routine or novel issues with little precedence whenever required. They are required to be on standby with on-call availability with varied shifts including nights, weekends, and holidays to resolve data center-related incidents. The Data Center Operations Engineer works in a team setting and is proficient in database administration, infrastructure concepts, and database management-related tools and techniques required by the organization. They are also familiar with the relevant software platforms on which the database is deployed. The Data Center Operations Engineer can quickly and effectively solve issues as they arise. They can methodically identify the cause of the issue, evaluate it, and develop a solution in collaboration with the team. They can communicate effectively and display high service level standards.",Business Needs Analysis Level 3; Business Continuity Level 4; Cyber and Data Breach Incident Management Level 3-4; Data Center Facilities Management Level 3; Disaster Recovery Management Level 4; Infrastructure Support Level 3; IT Asset Management Level 3; IT Strategy Level 4; Learning and Development Level 4; People and Performance Management Level 3; Performance Management Level 4; Problem Management Level 3; Process Improvement and Optimisation Level 4; Procurement Level 3; Project Management Level 4; Service Level Management Level 4; Stakeholder Management Level 4; Strategy Implementation Level 3; System Integration Level 4; Collaboration Intermediate; Communication Intermediate; Digital Fluency Basic; Problem Solving Basic; Self Management Intermediate,
Associate Operations Center Support Engineer,"The Associate Operations Center Support Engineer is responsible for monitoring and identifying incidents in hardware and software components across the organization. They analyze problems and perform troubleshooting and incident response on the system. They are also responsible for maintaining technical and systems documentation. The Associate Operations Center Support Engineer works in a team setting and is proficient in operating systems, network and infrastructure, and monitoring tools and techniques required by the organization. They are also familiar with the relevant software platforms on which the solutions are deployed. The Associate Operations Center Support Engineer has strong critical thinking skills to identify issues and is passionate about analyzing and resolving problems and addressing technical challenges.",Business Needs Analysis Level 2; Configuration Tracking Level 1-2; Cyber and Data Breach Incident Management Level 2; Data Center Facilities Management Level 2; Infrastructure Support Level 1-2; IT Asset Management Level 2; Process Improvement and Optimisation Level 3; Procurement Level 2; Project Management Level 3; Service Level Management Level 3; Stakeholder Management Level 2-3; Systems Integration Level 3; Collaboration Basic; Communication Basic; Digital Fluency Basic; Problem Solving Basic; Self Management Basic,
Operations Center Support Engineer,"The Operations Center Support Engineer works closely with the hardware and software teams in the organization. They are responsible for implementing and installing new software and hardware components across the organization. They have to ensure the systems are reliable and monitored, and support operations are conducted on a timely manner. They will also collaborate with stakeholders to serve, observe, own, and solve problems through innovation, reducing friction with production deployments, and increasing availability. The Operations Center Support Engineer works in a team setting and is proficient in database systems, network and infrastructure, and monitoring tools and techniques required by the organization. They are also familiar with the relevant software platforms on which the solutions are deployed. The Operations Center Support Engineer applies critical thinking skills to resolve complex issues. They also apply creative skills in addressing technical challenges on the job.",Business Continuity Level 4; Business Needs Analysis Level 3; Configuration Tracking Level 3; Cyber and Data Breach Incident Management Level 3-4; Data Center Facilities Management Level 3; Infrastructure Support Level 3; IT Asset Management Level 3; Learning and Development Level 4; People and Performance Management Level 3; Performance Management Level 4; Process Improvement and Optimisation Level 4; Problem Management Level 3; Project Management Level 4; Procurement Level 3; Service Level Management Level 4; Stakeholder Management Level 4; Strategy Implementation Level 3; System Integration Level 4; Collaboration Basic; Communication Basic; Digital Fluency Basic; Problem Solving Basic; Self Management Basic,
Associate Applications Support Technician,"The Associate Applications Support Technician is responsible for providing support and ensuring the maintenance of specific software applications, which may be built in-house or third-party software. They should have a deep understanding of the application’s functionality and backend. They are responsible for providing support to the application development, transition, and testing teams, resolving and documenting any issues with the application. The Associate Applications Support Technician works in a team setting and is proficient in applications development and monitoring tools and techniques required by their organization. They are also familiar with the relevant software platforms on which their solutions are deployed. The Associate Applications Support Technician applies critical thinking skills to identify and solve problems. They are passionate about analyzing and resolving problems and addressing technical challenges. They also possess strong interpersonal skills.",Applications Support and Enhancement Level 1-2; Business Needs Analysis Level 2; Configuration Tracking Level 1-2; Customer Experience Management Level 2; Cyber and Data Breach Incident Management Level 2; Process Improvement and Optimization Level 3; Procurement Level 2; Service Level Management Level 3; Software Configuration Level 2; Software Testing Level 2; Stakeholder Management Level 2-3; Test Planning Level 2-3; Collaboration Basic; Communication Basic; Digital Fluency Basic; Problem Solving Basic; Self Management Basic,
Applications Support Technician,"The Applications Support Technician is responsible for the operation, support, and maintenance of specific software applications, which may be built in-house or third-party software. This individual should have a deep understanding of the application’s functionality and backend. They oversee software testing and transition processes and provide necessary support when required. They are responsible for interacting with the application users and setting up and on boarding the users. The Applications Support Technician works in a team setting and is proficient in applications development and monitoring tools and techniques required by the organization. They are also familiar with the relevant software platforms on which the solutions are deployed. The Applications Support Technician uses critical thinking skills to identify and solve problems. They are passionate about analyzing and resolving problems and addressing technical challenges. They also possess strong interpersonal skills.",Applications Development Level 3; Applications Integration Level 3; Applications Support and Enhancement Level 3; Configuration Tracking Level 3; Customer Experience Management Level 3; Cyber and Data Breach Incident Management Level 3; Collaboration Intermediate; Communication Intermediate; Digital Fluency Basic; Problem Solving Basic; Self Management Intermediate,
Operations and Support Manager,"The Operations and Support Manager manages systems and database administration and help desk functions. This individual focuses on strategic and policy development aspects that will have medium- term consequences on the operation of the function and impact elements of organization performance. They are responsible for overseeing the incident resolution and business continuity plans along with the database and systems administration. They focus on setting goals and priorities, allocating accountability among staff, managing the career development of others, liaising with professional staff and other managers, advising the business on technology-related issues, and engaging in medium-term planning. The Operation and Support Manager is familiar with enterprise architecture frameworks, database administration and systems, and application monitoring tools. The Operations and Support Manager possesses an end-to-end understanding of an organization’s system environment and its critical elements that need to be actively managed to ensure service levels are met. They are a driven leader, able to align the team behind strategic business priorities and motivate key stakeholders to strive for continuous improvement at all levels.",Applications Development Level 4; Applications Integration Level 4; Applications Support and Enhancement Level 4; Budgeting Level 4; Business Continuity Level 5; Business Needs Analysis Level 4; Business Performance Management Level 4; Configuration Tracking Level 4; Change Management Level 4; Cyber and Data Breach Incident Management Level 5; Data Center Facilities Management Level 4; Data Engineering Level 4; Database Administration Level 5; Disaster Recovery Management Level 5; Infrastructure Deployment Level 4; Infrastructure Support Level 4; Infrastructure Strategy Level 5; IT Asset Management Level 4; IT Governance Level 4; IT Standards Level 4; IT Strategy Level 4; Learning and Development Level 5; Manpower Planning Level 4; Networking Level 4; Organizational Analysis Level 4; Organizational Design Level 4; Partnership Management Level 4; People and Performance Management Level 4; Performance Management Level 5; Problem Management Level 4; Process Improvement and Optimization Level 5; Procurement Level 4; Project Management Level 5; Quality Standards Level 4; Security Programme Management Level 4; Collaboration Advanced; Communication Advanced; Decision Making Intermediate; Developing People Intermediate; Digital Fluency Intermediate; Influence Intermediate; Learning Agility Intermediate; Problem Solving Intermediate,
Head of Operations and Support,"The Head of Operations and Support drives the vision and strategy for the IT Operations and Support functions. This individual sets the direction for systems and database administration, day-to-day IT support and operations, data center operations, and system and quality assurance through the delivery of services as per business requirements; controls costs and manages vendors. They are responsible for formulating strategies for service-level agreements. They ensure compliance with the organization’s quality standards, international standards, and government regulations. The Head of Operations and Support is a leader with the energy and commitment to drive large teams toward achieving service- level excellence. The Head of Operations and Support is familiar with enterprise architecture frameworks, database administration and systems, and application monitoring tools. The Head of Operations and Support has a broad sense of perspective with the ability to influence key internal and external stakeholders. They are strategic in their approach to managing resources and developing capabilities within the team. This individual is effective in setting direction aligned with the strategic positioning of the business and the IT functions overall. They can impress upon the team the need to continuously improve service levels and increase efficiencies.",Applications Development Level 5; Applications Integration Level 5; Applications Support and Enhancement Level 4; Budgeting Level 5; Business Continuity Level 6; Business Needs Analysis Level 5; Business Performance Management Level 5; Configuration Tracking Level 4; Change Management Level 5; Contract Management Level 5; Cyber and Data Breach Incident Management Level 5; Cyber Risk Management Level 5; Data Center Facilities Management Level 5; Data Engineering Level 5; Database Administration Level 5; Disaster Recovery Management Level 5; Enterprise Architecture Level 5; Infrastructure Deployment Level 4; Infrastructure Support Level 4; Infrastructure Strategy Level 5; IT Asset Management Level 4; IT Governance Level 5; IT Standards Level 5; IT Strategy Level 5; Learning and Development Level 6; Manpower Planning Level 5; Networking Level 5; Organizational Analysis Level 5; Organizational Design Level 5; Partnership Management Level 5; People and Performance Management Level 5; Performance Management Level 5; Problem Management Level 5; Procurement Level 5; Project Management Level 6; Quality Standards Level 5; Security Programme Management Level 5; Service Level Management Level 5; Software Configuration Level 4; Software Testing Level 4; Stakeholder Management Level 6; Strategy Implementation Level 4; Strategy Planning Level 5; Sustainability Management Level 5; System Integration Level 5; Test Planning Level 5; Collaboration Advanced; Communication Advanced; Decision Making Advanced; Developing People Advanced; Digital Fluency Advanced; Influency Intermediate; Learning Agility Intermediate; Problem Solving Advanced,
Chief Information Officer,"The Chief Information Officer (CIO) leads the IT function and provides strategic directions, solutions, and policies to support business goals. This individual develops the information strategy and services to meet business requirements including training and upgrading of systems and/or technology knowledge and skills of all staff to improve productivity through information systems. They direct and promote governance policies and standards concerning security, quality, risk, and project management. They lead important innovation initiatives and have ultimate accountability for the function. They provide the highest level of advice and recommendations to the heads of organizations or business units. They can leverage new and innovative technology to develop strategic directions for the IT functions in alignment with the organization’s objectives. The Chief Information Officer can propose solutions and influence key stakeholders to drive commitment to initiatives across the organization.",Budgeting Level 6; Business Continuity Level 6; Business Risk Management Level 6; Business Performance Management Level 5; Change Management Level 6; Cyber and Data Breach Incident Management Level 6; Cyber Risk Management Level 6; Contract Management Level 5; Disaster Recovery Management Level 6; Enterprise Architecture Level 6; Infrastructure Strategy Level 6; IT Governance Level 6; IT Standards Level 6; IT Strategy Level 6; Learning and Development Level 6; Networking Level 5; Organizational Analysis Level 6; Organizational Design Level 6; Partnership Management Level 6; People and Performance Management Level 5; Performance Management Level 6; Problem Management Level 5; Project Management Level 6; Service Level Management Level 6; Stakeholder Management Level 6; Strategy Planning Level 6; Sustainability Management Level 6; Collaboration Advanced; Communication Advanced; Creative Thinking Advanced; Decision Making Advanced; Developing People Advanced; Digital Fluency Advanced; Influence Advanced; Learning Agility Advanced; Problem Solving Advanced; Transdisciplinary Thinking Advanced,
Associate User Interface (UI) Designer,"The Associate User Interface (UI) Designer creates visually appealing and user-friendly interfaces for interactive platforms. This role combines principles of design, color theory, typography, usability, and branding to craft interfaces that are both aesthetically pleasing and intuitive for users. The Associate UI Designer has a strong foundation in visual design, interaction design or usability theory, and user experience (UX) principles are essential. An Associate UI Designer should have a keen eye for color, typography, layout, and iconography to create a cohesive and engaging visual language. They should possess a deep understanding of design software such as Adobe Creative Suite, Sketch, Figma, InVision, Miro, Balsamiq, or similar tools. The Associate UI Designer works closely with UX designers, developers, and product managers to translate user requirements, business goals, and design concepts into functional and attractive interfaces. They create wireframes, prototypes, and high-fidelity mockups to visualize and test design solutions. Additionally, they ensure designs are responsive and consistent across multiple devices and screen sizes. Collaboration and communication are crucial in this role. The Associate UI Designer must effectively communicate design rationale and solicit feedback from cross-functional teams. They should be open to feedback and willing to iterate on designs based on user testing and stakeholder input.",Aesthetic and Design Sensibility Level 3; Business Presentation Delivery Level 3; Creative Storytelling Level 3; Critical Thinking Level 3; Cultural Sensitivity for Design Level 4; Customer Behavior Analysis Level 4; Customization and Localization Level 3; Design Standards and Specifications Level 4; Design Thinking Practice Level 4; Digital and Physical Prototyping Level 4; Empathetic Design Level 3; Immersive Design Level 4; Interaction Design Practice Level 4; Learning and Development Level 4; Project Management Level 3; Quality Assurance Level 4; Research Level 3; Stakeholder Management Level 2; Systems Design Level 4; User Experience Design Level 2-3; User Interface Design Level 3; User Testing and Usability Testing Level 3; Visual Design and Communication Principles Level 4; Adaptability Intermediate; Collaboration Intermediate; Communication Intermediate; Creative Thinking Intermediate; Customer Orientation Basic; Digital Fluency Basic; Learning Agility Intermediate; Self Management Intermediate,
User Interface (UI) Designer,"The User Interface (UI) Designer plays a pivotal role in shaping the visual language and interactive elements of digital products. This role combines a deep understanding of design principles, user experience (UX) best practices, accessibility standards, and technical constraints to craft intuitive and aesthetically appealing interfaces. The UI Designer’s primary responsibility is to create high-fidelity mockups, responsive design layouts, cross-platform design, and interactive prototypes, applying color and typographic hierarchy that resonate with the target audience. They work closely with UX designers, developers, and product managers to translate user needs, business objectives, and design concepts into functional and delightful interfaces. The UI Designer must have a strong foundation in visual design, interaction design, and usability principles is essential. A UI Designer should have an exceptional eye for color, typography, layout, and iconography, as well as an accomplished level of understanding of design software such as Adobe Creative Suite, Sketch, Figma, InVision, Miro, Balsamiq, or similar tools. Key responsibilities include creating wireframes, prototypes, and high-fidelity mockups to visualize and test design solutions. Additionally, UI Designers ensure that designs are responsive, accessible, and consistent across multiple devices and screen sizes. They also collaborate with developers to ensure seamless implementation of the designs. Effective communication and collaboration are crucial in this role. UI Designers must effectively present design rationales, solicit feedback from cross-functional teams, and incorporate feedback into iterative design cycles. They should also stay up-to-date with the latest design trends, techniques, and technologies.",Aesthetic and Design Sensibilities Level 4; Business Presentation Delivery Level 4; Creative Storytelling Level 4; Critical Thinking Level 4; Cultural Sensitivity for Design Level 4; Customer Behavior Analysis Level 4; Customisation and Localisation Level 4; Design Standards and Specifications Level 5; Design Thinking Practice Level 5; Digital and Physical Prototyping Level 5; Empathetic Design Level 4; Immersive Design Level 5; Interaction Design Practice Level 5; Learning and Development Level 4; Project Management Level 3-4; Quality Assurance Level 4; Research Level 4; Stakeholder Management Level 3; Systems Design Level 5; User Experience Design Level 4-5; User Interface Design Level 4-5; User Testing and Usability Testing Level 4; Visual Design and Communication Principles Level 5; Adaptability Intermediate; Collaboration Intermediate; Communication Intermediate; Creative Thinking Intermediate; Customer Orientation Intermediate; Decision Making Intermediate; Digital Fluency Intermediate; Learning Agility Intermediate; Problem Solving Advanced; Self Management Intermediate; Transdisciplinary Thinking Intermediate,
Lead User Interface (UI) Designer,"The Lead UI Designer oversees the design vision and visual language of digital products. This role combines deep expertise in graphic design and next-level interactive prototypes to create visually stunning, highly functional user experiences aligned with user needs. As an authority in typography and color theory, the Lead UI Designer sets style guides and high-level design standards for alignment across platforms and devices. The Lead UI Designer envisions the responsiveness and accessibility required for exceptional user experience design. Leveraging deep user empathy, analytics data, and knowledge of emerging capabilities, the Lead spurs exploration of progressive concepts and solutions for complex interfaces and systems. Meticulous rapid ideations and prototypes, user feedback is garnered to underpin intuitive yet delightful designs. Fluency with design tools like Sketch, Figma, InVision, as well as Adobe Creative Cloud, enables the Lead to build and communicate advanced solutions. The ability to code interactive prototypes adds a deeper dimension. This role models and mentors junior designers to elevate their skills. As a respected user experience and customer journey expert, the Lead Uses Interface Designer collaborates with cross- functional teams to align human-centric solutions balancing user needs, technical constraints, and business impact.","Aesthetic and Design Sensibilities Level 5; Business Presentation Delivery Level 5; Creative Storytelling Level 5; Critical Thinking Level 5; Cultural Sensitivity for Design Level 5; Customer Behavior Analysis Level 5; Customisation and Localisation Level 4-5; Design Standards and Specifications Level 5; Design Thinking Practice Level 6; Digital and Physical Prototyping Level 5; Empathetic Design Level 5; Immersive Design Level 5; Innovation Management Level 5; Interaction Design Practice Level 5; Learning and Development Level 5; Project Management Level 4-5; Quality Assurance Level 5; Quality Standards Level 4; Research Level 4-5; Stakeholder Management Level 3; Systems Design Level 6; Training, Coaching and Assessment Management Level 4; User Experience Design Level 4-5; User Interface Design Level 5; User Testing and Usability Testing Level 5; Visual Design and Communication Principles Level 5; Adaptability Advanced; Collaboration Advanced; Communication Advanced; Creative Thinking Advanced; Customer Orientation Advanced; Decision Making Advanced; Developing People Advanced; Digital Fluency Advanced; Influence Advanced; Learning Agility Advanced; Problem Solving Advanced; Self Management Advanced; Transdisciplinary Thinking Advanced",
User Experience (UX) Research Associate,"The User Experience (UX) Research Associate works with cross-functional product teams to plan and conduct user research that informs the design and development of digital products and services. They leverage qualitative and quantitative methods to understand user behaviors, needs, motivations, and pain points across different customer journeys and touchpoints. The UX Research Associate is expected to have a strong awareness of typical customer journeys for the product domain to identify relevant moments of truth for the UX research focus. This requires comprehension of different customer profiles, the ability to map out associated processes and touchpoints, and the application of Customer Experience (CX) concepts like moments of truth and pain point identification throughout their analysis.",Behavioral Economics in Design Level 4; Critical Thinking Level 3; Cultural Sensitivity for Design Level 4; Customer Behavior Analysis Level 4; Data Analysis and Interpretation Level 4; Digital and Physical Prototyping Level 2; Empathetic Design Level 4; Innovation Management Level 4; Interaction Design Practice Level 4; Narrative Design in Product Development Level 3; Qualitative Research Level 4; Quantitative Research Level 4; Research and Development Level 4; User Testing and Usability Testing Level 4; Adaptability Intermediate; Building Inclusivity Intermediate; Collaboration Intermediate; Communication Intermediate; Creative Thinking Intermediate; Customer Orientation Basic; Digital Fluency Basic; Learning Agility Intermediate; Problem Solving Intermediate; Sense Making Intermediate; Transdisciplinary Thinking Intermediate,
User Experience (UX) Researcher,"The User Experience (UX) Researcher is instrumental in deriving profound insights about user behaviors, motivations, and needs. This role is characterized by an intensive focus on conducting user research, and empathetically delving into user psychology to develop mental models and comprehensive user journey maps. These tools enable the researcher to not only understand but also effectively articulate the nuances of the user experience. Collaborating closely with design and product teams, the UX Researcher leverages these insights to shape user-centered design strategies, ensuring that products resonate with users. The UX Researcher plays a crucial role in deriving profound insights, and applying a deep level of empathy while delving into user psychology to understand and interpret the underlying user motivations, behaviors, and needs. This role involves conducting detailed user research and developing comprehensive mental models and user journey maps. These tools enable the researcher to not only understand but also effectively articulate the nuances of the user experience. The UX Researcher collaborates closely with design and product teams to inform user-centered design strategies and product development. Enhanced collaboration with agile teams ensures alignment with development cycles, and strengthened interaction with UX Writers aids in content strategy development. The role also emphasizes cross-functional communication for the effective integration of research insights. Building upon the skills honed as a UX Associate, the UX Researcher plays a pivotal role in steering impactful research, thereby laying the foundation for informed and validated decisions in the design and development process.",Behavioral Economics in Design Level 5; Critical Thinking Level 4; Cultural Sensitivity for Design Level 5; Customer Behavior Analysis Level 5; Data Analysis and Interpretation Level 5; Digital and Physical Prototyping Level 3; Empathetic Design Level 5; Innovation Management Level 5; Interaction Design Practice Level 4; Narrative Design in Product Development Level 4; Qualitative Research Level 5; Quantitative Research Level 5; Research and Development Level 4-5; User Testing and Usability Testing Level 4; Adaptability Intermediate; Building Inclusivity Intermediate; Collaboration Intermediate; Communication Intermediate; Creative Thinking Intermediate; Customer Orientation Intermediate; Digital Fluency Advanced; Learning Agility Intermediate; Problem Solving Advanced; Sense Making Intermediate; Transdisciplinary Thinking Intermediate,
Lead User Experience (UX) Researcher,"The Lead UX Researcher heads the user research team, setting the strategic direction for user studies and insights dissemination. With an expert grasp of both qualitative and quantitative research methodologies, this role oversees the development of research protocols that align with the agile development process, ensuring that user insights are translated into actionable design and strategy initiatives. As a mentor to UX Researchers, the Lead UX Researcher fosters a culture of deep user empathy and continuous learning, empowering their team to produce nuanced user journey maps and mental models that profoundly influence the user experience across all product touchpoints. The Lead UX Researcher oversees user research activities with an ethical, human-centric approach. Protocols are crafted and aligned to agile workflows, upholding strict guidelines for voluntary consent, privacy, and transparent data usage at every step. As a steward of user trust, this expert champions dignity, diversity, and inclusion throughout screening, recruitment, and engagement touchpoints. The Lead UX Researcher ensures that the insights-driven research framework integrates seamlessly with the holistic user experience strategy, as conceived by the Director of User Experience, to inform and shape product direction and user-centered design decisions.","Behavioral Economics in Design Level 5; Critical Thinking Level 4-5; Cultural Sensitivity for Design Level 5; Customer Behavior Analysis Level 5; Data Analysis and Interpretation Level 5; Digital and Physical Prototyping Level 4; Empathetic Design Level 5; Innovation Management Level 5; Interaction Design Practice Level 4; Narrative Design in Product Development Level 5; Qualitative Research Level 5; Quality Standards Level 4; Quantitative Research Level 5; Research and Development Level 5; Strategy Planning Level 4; Training, Coaching and Assessment Management Level 4; User Testing and Usability Testing Level 5; Adaptability Advanced; Building Inclusivity Intermediate; Collaboration Advanced; Communication Advanced; Creative Thinking Advanced; Customer Orientation Advanced; Decision Making Advanced; Developing People Advanced; Digital Fluency Advanced; Influence Advanced; Learning Agility Advanced; Problem Solving Advanced; Sense Making Advanced; Transdisciplinary Thinking Advanced",
User Experience (UX) Designer Associate,"The UX Designer Associate is an entry-level role responsible for supporting the user experience team across various functions. This role provides a foundation in UX design, research, writing, and usability testing, positioning the individual for potential growth into specialized roles such as UX Designer, UX Writer, UX Usability Tester, or Interaction Designer. The UX Designer Associate collaborates with cross-functional teams, including UI Designers, to ensure a cohesive user experience. This role is characterized by a strong emphasis on understanding user needs, developing basic interaction design skills, and collaborating effectively with cross-functional teams. The UX Designer Associate entails understanding diverse customer profiles, mapping out associated processes and touchpoints, and applying Customer Experience (CX) principles such as identifying moments of truth and pain points throughout the analysis.",Aesthetic and Design Sensibility Level 3; Business Presentation Delivery Level 3; Creative Storytelling Level 3; Critical Thinking Level 3; Cultural Sensitivity for Design Level 3; Customer Behavior Analysis Level 4; Customisation and Localisation Level 3; Data Analysis and Interpretation Level 2; Design Standards and Specification Level 4; Design Thinking Practice Level 4; Digital and Physical Prototyping Level 4; Empathetic Design Level 3; Immersive Design Level 4; Interaction Design Practice Level 4; Learning and Development Level 4; Project Management Level 3; Quality Assurance Level 3; Research Level 3; Stakeholder Management Level 2; Systems Design Level 4; User Experience Design Level 3-4; User Interface (UI) Design Level 3; User Testing and Usability Testing Level 3; Visual Design and Communication Principles Level 4; Adaptability Intermediate; Collaboration Intermediate; Communication Intermediate; Creative Thinking Intermediate; Customer Orientation Basic; Digital Fluency Basic; Learning Agility Intermediate; Problem Solving Intermediate; Self Management Intermediate; Sense Making Intermediate; Transdisciplinary Thinking Intermediate,
Interaction Designer,"The Interaction Designer specializes in creating engaging interfaces with well-thought-out behaviors. Understanding user needs and behaviors is crucial for this role, and it requires an empathetic and intuitive approach to design. The Interaction Designer focuses on the interactive aspects of a product, ensuring a seamless and intuitive user experience. Collaborating cross-functionally, the Interaction Designer contributes to the construction of customer journey maps to identify opportunities to remove barriers and inject delight across key moments of truth. Rapid ideations are produced to explore ideas focused on addressing pain points through better-integrated flows. Customer experience (CX) considerations remain central to translating complexity into simplistic human-centered interactions. The Interaction Designer is at the forefront of crafting engaging user interfaces across various digital mediums, not limited to the purely visual, but potentially also including interfaces such as conversational, audio, haptic feedback, Augmented Reality (AR), Virtual Reality (VR), and eXtended Reality (XR). This role demands an innovative approach to human-computer interaction, focusing on creating intuitive and immersive experiences. The Interaction Designer collaborates closely with UX Researchers and UI Designers, ensuring that each interactive element is grounded in user insights and seamlessly integrated into the overall design.",Aesthetic and Design Sensibility Level 4; Business Presentation Delivery Level 4; Creative Storytelling Level 4; Critical Thinking Level 4; Cultural Sensitivity for Design Level 4; Customer Behavior Analysis Level 4; Customisation and Localisation Level 4; Data Analysis and Interpretation Level 3; Design Standards and Specification Level 5; Design Thinking Practice Level 5; Digital and Physical Prototyping Level 5; Empathetic Design Level 4; Immersive Design Level 5; Innovation Management Level 5; Interaction Design Practice Level 5; Learning and Development Level 4; Project Management Level 3-4; Quality Assurance Level 4; Research Level 4; Stakeholder Management Level 4; Systems Design Level 5; User Experience Design Level 4-5; User Interface (UI) Design Level 4-5; User Testing and Usability Testing Level 4; Visual Design and Communication Principles Level 5; Adaptability Advanced; Collaboration Advanced; Communication Advanced; Creative Thinking Advanced; Customer Orientation Intermediate; Decision Making Intermediate; Digital Fluency Intermediate; Global Perspective Intermediate; Learning Agility Intermediate; Problem-Solving Advanced; Self Management Intermediate; Transdisciplinary Thinking Advanced,
User Experience (UX) Designer,"The User Experience (UX) Designer is integral to the design and development of digital products, focusing on crafting a cohesive and engaging user experience. Unique in their role, UX Designers combine creative vision with a deep understanding of user needs, shaping the visual narrative and functional flow of the product. They excel in transforming research insights, provided by UX Researchers, into compelling design elements, ensuring that every aspect of the user interface is intuitive and resonates with the target audience. Key to their role is their expertise in user journey mapping, where they visualize and refine the end-to-end experience of users, considering every touchpoint within the product. Unlike Interaction Designers, who concentrate on the specifics of user-product interaction, UX Designers take a broader view, integrating these interactive elements into a seamless and holistic user experience. Their collaboration with UX Writers ensures that visual design and content harmoniously guide the user, while their work complements UX Usability Testers by preemptively addressing design elements that enhance usability and appeal. The UX Designer acts as an orchestrator of the user experience, balancing aesthetic appeal with functional design. They bridge the gap between the analytical world of user research and the creative realm of visual design, crafting experiences that are not only visually striking but also deeply aligned with user expectations and behaviors.",Aesthetic and Design Sensibility Level 4; Business Presentation Delivery Level 4; Creative Storytelling Level 4; Critical Thinking Level 4; Cultural Sensitivity for Design Level 4; Customer Behavior Analysis Level 4; Customisation and Localisation Level 4; Data Analysis and Interpretation Level 3; Design Standards and Specification Level 5; Design Thinking Practice Level 5; Digital and Physical Prototyping Level 5; Empathetic Design Level 4; Immersive Design Level 5; Interaction Design Practice Level 5; Learning and Development Level 4; Project Management Level 3-4; Quality Assurance Level 4; Research Level 4; Stakeholder Management Level 3; Systems Design Level 5; User Experience Design Level 5; User Interface (UI) Design Level 4; User Testing and Usability Testing Level 4; Visual Design and Communication Principles Level 5; Adaptability Advanced; Collaboration Intermediate; Communication Advanced; Creative Thinking Advanced; Customer Orientation Basic; Decision Making Intermediate; Digital Fluency Intermediate; Learning Agility Intermediate; Problem Solving Advanced; Self Management Intermediate; Transdisciplinary Thinking Advanced,
Lead User Experience (UX) Designer,"The Lead User Experience (UX) Designer holds a pivotal position in shaping and guiding the overall user experience strategy for digital products. With a strong foundation in both UX principles and interaction design, the Lead UX Designer ensures that design deliverables are user-focused, innovative, and aligned with agile development processes. This role involves leading a team of UX Designers and Interaction Designers, translating user research insights into innovative design solutions that balance aesthetics, functionality, and user needs. Collaborating closely with UX Researchers, the Lead UX Designer assimilates user insights, behavior data, and feedback. Customer journey context from Customer Experience (CX) Design partners helps prioritize experience enhancements for the most impacted moments of truth. As a design leader, the Lead UX Designer coaches team members provides constructive feedback, and propagates best practices. Quality standards alignment as well as team education on emerging methodologies/tools are upheld. With an eye toward continuous experience optimization, the Lead UX Designer champions the user’s voice while delivering design systems that scale. The Lead UX Designer also aligns their team’s efforts with the broader experience strategy set by the Director of User Experience, ensuring that design decisions are strategically integrated into the product development process and reflect the organization’s vision and user goals.","Aesthetic and Design Sensibility Level 5; Business Presentation Delivery Level 5; Creative Storytelling Level 5; Critical Thinking Level 5; Cultural Sensitivity for Design Level 5; Customer Behavior Analysis Level 5; Customisation and Localisation Level 4-5; Data Analysis and Interpretation Level 4; Design Standards and Specifications Level 5; Design Thinking Practice Level 6; Digital and Physical Prototyping Level 5; Empathetic Design Level 5; Immersive Design Level 5; Innovation Management Level 5; Interaction Design Practice Level 5; Learning and Development Level 5; Project Management Level 4-5; Quality Assurance Level 5; Quality Standards Level 4; Research Level 4-5; Stakeholder Management Level 3; Systems Design Level 6; Training, Coaching, and Assessment Management Level 4; User Experience Design Level 5; User Interface (UI) Design Level 4; User Testing and Usability Testing Level 5; Visual Design and Communication Principles Level 5; Adaptability Advanced; Collaboration Advanced; Communication Advanced; Creative Thinking Advanced; Customer Orientation Advanced; Decision Making Advanced; Developing People Advanced; Digital Fluency Advanced; Influence Advanced; Learning Agility Advanced; Problem Solving Advanced; Self Management Advanced; Transdisciplinary Thinking Advanced",
User Experience (UX) Writer,"The UX Writer is a specialized role focusing on crafting clear, concise, and engaging text within digital products. This role is pivotal in enhancing the user experience through language, ensuring clarity, consistency, and accessibility. UX Writers play a crucial role in shaping the tone and personality of the product, creating an emotional connection with users. The UX Writer plays a pivotal role in enhancing the digital customer experience journey through clear, concise, and engaging text built upon the voice needs of users. With a deep understanding of CX best practices, user testing results, and analytics data, empathetic language is crafted to resonate with customer milestones, emotions, and motivations. They work closely with designers, researchers, developers, and brand managers throughout the design process to ensure that the textual content aligns with user needs, business goals, and the overall design vision. Using effective writing, the UX Writer improves user navigation, engagement, and understanding, making digital products more intuitive and user-friendly. The UX Writer promotes accessibility, diversity, and inclusion by crafting content suited for different cultures, abilities, and learning styles. Through tailored language and tone, the writing resonates across many user groups and their customer journey needs. For both localization and personalization efforts, the UX Writer carefully assembles text to meaningfully engage each user.",Behavioral Economics in Design Level 3; Content Development and Strategy Level 5; Content Writing and Editing Level 4; Continuous Learning and Professional Development Level 4; Critical Thinking Level 4; Cultural Sensitivity for Design Level 5; Customer Behavior Analysis Level 5; Customisation and Localisation Level 4; Data Analysis and Interpretation Level 5; Digital and Physical Prototyping Level 3; Empathetic Design Level 3; Innovation Management Level 3; Interaction Design Practice Level 4; Narrative Design in Product Development Level 4; Qualitative Research Level 5; Quantitative Research Level 5; Research and Development Level 4; Visual Design and Communication Principles Level 3; Adaptability Intermediate; Collaboration Intermediate; Communication Intermediate; Creative Thinking Intermediate; Customer Orientation Advanced; Digital Fluency Intermediate; Learning Agility Advanced; Problem Solving Advanced; Self Management Advanced; Sense Making Intermediate; Transdisciplinary Thinking Intermediate,
Lead User Experience (UX) Writer,"The Lead User Experience (UX) Writer plays a pivotal role in software development organizations by crafting compelling and user-centric content across digital interfaces. They lead a team of UX Writers, weaving language into the user experience in collaboration with UX Researchers, Designers, and Usability Testers. This collaboration ensures that content is not only user-friendly but also contributes to the overall usability of the product. They champion the importance of language in design, ensuring that content strategy is a core aspect of the product development process. Responsibilities include developing tone and voice guidelines, creating user personas, and mapping user journeys to tailor content accordingly. The Lead UX Writer is responsible for maintaining consistency in messaging, ensuring clarity and coherence in communication, and adhering to brand guidelines. Additionally, this role involves conducting content audits, optimizing content for search engines, and continuously iterating based on user feedback and usability testing results. Strong leadership skills are essential, as the Lead UX Writer guides and mentors junior writers, fosters a culture of collaboration, and advocates for the importance of user-centered content within the organization. The Lead UX Writer aligns their team’s work with the broad user experience strategy defined by the Director of User Experience, crafting narratives that resonate across all platforms and enhance user engagement.","Behavioral Economics in Design Level 3; Content Development and Strategy Level 6; Content Writing and Editing Level 5; Critical Thinking Level 5; Cultural Sensitivity for Design Level 5; Customer Behavior Analysis Level 5; Customisation and Localisation Level 5; Data Analysis and Interpretation Level 5; Digital and Physical Prototyping Level 3-4; Empathetic Design Level 4; Innovation Management Level 3-4; Interaction Design Practice Level 4-5; Narrative Design in Product Development Level 5; Qualitative Research Level 5; Quality Standards Level 4; Quantitative Research Level 5; Research and Development Level 4; Training, Coaching and Assessment Management Level 4; Visual Design and Communication Principles Level 3; Adaptability Advanced; Collaboration Advanced; Communication Advanced; Creative Thinking Advanced; Customer Orientation Advanced; Decision Making Advanced; Developing People Advanced; Digital Fluency Advanced; Influence Advanced; Learning Agility Advanced; Problem Solving Advanced; Self Management Advanced; Transdisciplinary Thinking Advanced",
User Experience (UX) Usability Tester,"The User Experience (UX) Usability Tester in an agile team is essential for ensuring the product’s user experience quality through systematic usability testing and feedback. This role expertly adapts traditional usability methods to the agile development cycle, conducting rapid tests that complement the iterative nature of agile sprints. Collaborating closely with developers, designers, UX Researchers, the Customer Experience (CX) team, and product managers, the Usability Tester integrates usability considerations and research insights into the development process from the outset. They contribute to designing storyboards and low-fidelity prototypes, ensuring a cohesive user experience that is informed by both empirical data and usability findings. Adopting a parallel track approach, the Usability Tester ensures that user experience work, including foundational user research, is integrated seamlessly into the development cycle. This method keeps usability considerations one step ahead of implementation. In this agile environment, the Usability Tester is crucial in bridging usability and development, maintaining user-centric design as a core focus throughout the product’s lifecycle.",Aesthetic and Design Sensibility Level 4; Agile Software Development Level 3; Business Presentation Delivery Level 4; Creative Storytelling Level 4; Critical Thinking Level 4; Cultural Sensitivity for Design Level 4; Customer Behavior Analysis Level 4; Customisation and Localisation Level 3; Data Analysis and Interpretation Level 4; Design Standards and Specification Level 5; Design Thinking Practice Level 5; Digital and Physical Prototyping Level 5; Empathetic Design Level 4; Immersive Design Level 5; Innovation Management Level 5; Adaptability Intermediate; Collaboration Intermediate; Communication Intermediate; Creative Thinking Intermediate; Customer Orientation Advanced; Digital Fluency Intermediate; Learning Agility Advanced; Problem Solving Advanced; Self Management Advanced; Sense Making Intermediate; Transdisciplinary Thinking Intermediate,
Lead User Experience (UX) Usability Tester,"The Lead UX Usability Tester spearheads the entire process of testing digital products and solutions to provide optimal user experience. With deep expertise in mapping test plans to overall customer experience (CX) priorities and emerging needs, this role sets the vision for high-impact usability practices. The role involves overseeing a team of Usability Testers, strategizing and executing comprehensive testing plans that align with agile development cycles. The Lead UX Usability Tester collaborates closely with UX Researchers and the CX team to integrate user insights into testing, and with UX Designers and Writers to ensure usability considerations are reflected in all design aspects. They champion the importance of usability testing in product development and align their team’s efforts with the overarching user experience strategy set by the Director of User Experience, ensuring that user- centricity remains a focal point in all phases of product development. The Lead UX Usability Tester will ideate clever ways to better understand what works well or fails from the user’s point of view during their journey within a digital product. Testing is crafted to focus on the most important interactions and touchpoints that make using the product frustrating or delightful.","Aesthetic and Design Sensibility Level 5; Agile Software Development Level 3-4; Business Presentation Delivery Level 5; Creative Storytelling Level 5; Critical Thinking Level 5; Cultural Sensitivity for Design Level 5; Customer Behavior Analysis Level 5; Customisation and Localisation Level 4; Data Analysis and Interpretation Level 5; Design Standards and Specification Level 5; Design Thinking Practice Level 6; Digital and Physical Prototyping Level 5; Empathetic Design Level 5; Immersive Design Level 5; Innovation Management Level 5; Interaction Design Practice Level 5; Learning and Development Level 5; Project Management Level 4-5; Quality Assurance Level 4-5; Quality Standards Level 4; Training, Coaching and Assessment Management Level 4; User Experience Design Level 5; User Interface (UI) Design Level 4; User Interface and User Experience (UI/UX) Optimisation Level 5; User Testing and Usability Testing Level 5; Visual Design and Communication Principles Level 5; Behavioral Economics in Design Level 5; Content Development and Strategy Level 6; Content Writing and Editing Level 5; Customisation and Localisation Level 4-5; Narrative Design in Product Development Level 4-5; Product Design and Development Level 5; Qualitative Research Level 5; Quantitative Research Level 5; Research Level 4-5; Research and Development Level 5; Stakeholder Management Level 4; Strategy Planning Level 4; Systems Design Level 5; User Interface (UI) Design Level 5; Adaptability Advanced; Collaboration Advanced; Communication Advanced; Creative Thinking Advanced; Customer Orientation Advanced; Decision Making Advanced; Developing People Advanced; Digital Fluency Advanced; Influence Advanced; Learning Agility Advanced; Problem Solving Advanced; Self Management Advanced; Transdisciplinary Thinking Advanced; Building Inclusivity Advanced; Sense Making Advanced",
Director of User Experience,"The Director of User Experience (UX) holds a visionary role, leading the strategic direction and execution of user experience across all platforms and products, encompassing both UX and UI disciplines. They drive initiatives that foster innovation, user engagement, and design excellence, shaping the user experience strategy. Additionally, they mentor team leads across UX Research, UX Writing, UX Usability Testing, and UI Design, ensuring a cohesive approach to design, content, and testing. This role aligns the efforts of all UX/ UI teams with the company’s broader business objectives, integrating research, interaction design, visual design, content strategy, and usability testing to deliver products that meet user needs while embodying the brand’s ethos and enhancing overall user interaction with digital products. Moreover, the Director of User Experience is expected to have an excellent understanding of customer experience (CX) or customer journeys and be able to translate them into visuals or workflows. Leading a multidisciplinary team of UX designers, researchers, writers, and usability testers, the Director collaborates closely with product managers, engineers, and other stakeholders to ensure alignment of UX initiatives with business goals. Responsibilities include overseeing the entire UX design process, from user research and concept ideation to prototyping and testing, while establishing and maintaining UX design standards for consistency and coherence across all touchpoints. The Director of UX stays abreast of industry trends, emerging technologies, and best practices in UX design. They are expected to drive innovation and continuous improvement. In advocating for user-centric design principles, fostering a culture of creativity and collaboration, and championing the importance of UX within the organization, they should exhibit Strong leadership, communication, and strategic planning skills.","Aesthetic and Design Sensibility Level 5; Agile Software Development Level 6; Behavioral Economics in Design Level 5; Business Presentation Delivery Level 5; Content Development and Strategy Level 6; Content Writing and Editing Level 5; Creative Storytelling Level 5; Critical Thinking Level 5; Cultural Sensitivity for Design Level 5; Customer Behavior Analysis Level 5; Customisation and Localisation Level 4-5; Data Analysis and Interpretation Level 5; Design Standards and Specification Level 5; Design Thinking Practice Level 6; Digital and Physical Prototyping Level 5; Empathetic Design Level 5; Immersive Design Level 5; Industry Knowledge, Research and Analysis Level 5-6; Innovation Management Level 5; Interaction Design Practice Level 5; Learning and Development Level 6; Market Research Level 4-5; Market Trend Analysis Level 4-5; Narrative Design in Product Development Level 4-5; Product Design and Development Level 5; Project Management Level 5; Qualitative Research Level 5; Quality Assurance Level 5; Quality Standards Level 5-6; Quantitative Research Level 5; Research Level 5; Research and Development Level 5; Stakeholder Management Level 5-6; Strategy Planning Level 5; Systems Design Level 5-6; Training, Coaching and Assessment Management Level 4-5; User Experience Design Level 5; User Interface (UI) Design Level 5; User Interface and User Experience (UI/UX) Optimisation Level 5; User Testing and Usability Testing Level 5; Visual Design and Communication Principles Level 5; Adaptability Advanced; Building Inclusivity Advanced; Communication Advanced; Creative Thinking Advanced; Customer Orientation Advanced; Decision Making Advanced; Developing People Advanced; Digital Fluency Advanced; Global Perspective Advanced; Influence Advanced; Learning Agility Advanced; Self Management Advanced; Transdisciplinary Thinking Advanced",
Associate Software Tester,"The Associate Software Tester is expected to analyze and execute defined test cases and scenarios against software builds to validate functionalities that are expected and identify problems and software defects or issues that have been observed. Under the guidance of more experienced quality assurance or test professionals, they perform testing to further their learning and progress in their analytical competencies. The Associate Software Tester collaborates with the team to develop efficient testing systems. They document and report major findings to senior members using quality tracking systems to diagnose root causes. They validate and compare expected test results with actual results. They are familiar with software testing tools and standards, as well as the relevant software platforms on which the solution is deployed. The Associate Software Testers interact with clients to understand software or product requirements to assist in test data preparation. They executes test scenarios including environment setup and test scripts. They are a strong team player, who communicates their ideas and gets along with others easily.",Agile Software Development Level 3; Applications Development Level 3; Applications Integration Level 2; Applications Support and Enhancement Level 1-2; Automation Management in Product Development Level 2; Business Environment Analysis Level 2; Business Needs Analysis Level 2; Configuration Tracking Level 1-2; Critical Thinking Level 3; Data Design Level 3; Emerging Technology Synthesis Level 3; Infrastructure Design Level 3; Learning and Development Level 4; Problem Management Level 2-3; Process Improvement and Optimisation Level 4; Quality Assurance Level 4; Quality Standards Level 4; Software Configuration Level 2; Software Design Level 3; Software Testing Level 2-3; System Integration Level 3; Systems Thinking Level 3; Test Planning Level 2-3; User Interface (UI) Design Level 2-3; User Testing and Usability Testing Level 3; Adaptability Intermediate; Building Inclusivity Intermediate; Collaboration Intermediate; Communication Intermediate; Creative Thinking Intermediate; Customer Orientation Intermediate; Digital Fluency Advanced; Learning Agility Intermediate; Problem Solving Advanced; Sense Making Intermediate; Transdisciplinary Thinking Intermediate,
Software Tester,"The Software Tester is expected to analyze functional requirements and technical specifications to develop optimal test scenarios that validate software quality, identify defects, and reduce risks. Combining exploratory testing with test automation across integration, system, regression, and user acceptance testing, they will design tests with an understanding of overall quality goals and use cases. Commonly, they review product requirements, personal use cases, and technical design documents. The Software Tester has familiarity and knowledge to perform various testing levels and testing methods such as unit testing, integration testing, system testing, and acceptance testing. This role is also expected to employ methodologies that are commonly employed in software testing, i.e., Grey box testing, Incremental Testing, Thread testing, etc. They prepare test data that covers edge cases, failure modes, and invalid inputs. The Software Tester works well with a team to develop efficient testing systems. This role has strong analytical skills to provide intelligent, risk-based testing coverage and can adapt test scripts to changing product requirements. The Software Testers meet with clients to understand software or product requirements to test data. They execute test scenarios including environment setup and test scripts. They analyze testing metrics and offers recommendations on improving development processes. They are proficient with software testing tools and standards, as well as the relevant software platforms on which the solution is deployed. They stay up-to-date with new technologies and testing strategies.",Agile Software Development Level 3-4; Applications Development Level 4; Applications Integration Level 3; Applications Support and Enhancement Level 3; Automation Management in Product Development Level 2-3; Business Environment Analysis Level 3; Business Needs Analysis Level 3; Configuration Tracking Level 3-4; Critical Thinking Level 4; Data Design Level 4; Emerging Technology Synthesis Level 4; Infrastructure Design Level 4; Learning and Development Level 4; Problem Management Level 3-4; Process Improvement and Optimisation Level 4; Project Management Level 3-4; Quality Assurance Level 5; Quality Standards Level 5; Software Configuration Level 3; Software Design Level 3; Software Testing Level 3-4; Stakeholder Management Level 3; System Integration Level 4; Systems Thinking Level 4; Test Planning Level 3-4; Collaboration Intermediate; Communication Intermediate; Digital Fluency Intermediate; Learning Agility Intermediate; Problem Solving Advanced; Self Management Intermediate,
Software Test Manager,"The Software Test Manager defines quality assurance strategies, heads testing teams, and assures overall software release readiness by validation against customer requirements. They combine technical knowledge with people management abilities in driving risk-based testing. The Software Test Manager oversees end-to-end testing activities, setting best practices and consistent processes for functional verification, configurations, security, localization, etc. They review product specifications documents and interface with stakeholders to map out critical test coverage areas both short and long-term. They monitor and track progress toward delivery commitments, balancing trade-offs around scope, time, and quality. They partner with development leads in evolving quality culture through automation, metrics analysis, and process optimization. In terms of management and operations, the Software Test Manager determines needed resources, the hiring of software testers and quality assurance talents, as well as nurtures technical and soft skills growth through mentoring and performance appraisals. Software test managers are leaders who can resolve interpersonal conflicts through constructive feedback and facilitating collaboration. They foster a sense of collective ownership and agility in addressing ever-changing validation needs.",Agile Software Development Level 4; Applications Development Level 4; Applications Integration Level 4; Applications Support and Enhancement Level 4; Automation Management in Product Development Level 3; Business Environment Analysis Level 4; Business Needs Analysis Level 4; Configuration Tracking Level 4; Critical Thinking Level 5; Cyber and Data Breach Incident Management Level 3; Cyber Risk Management Level 4; Data Design Level 4; Emerging Technology Synthesis Level 4; Infrastructure Design Level 5; Learning and Development Level 5; Problem Management Level 4; Process Improvement and Optimisation Level 5; Project Management Level 4; Quality Assurance Level 5; Quality Standards Level 6; Software Configuration Level 4; Software Design Level 4; Software Testing Level 4-5; Stakeholder Management Level 4; System Integration Level 4; Systems Thinking Level 4; Test Planning Level 4-5; User Interface (UI) Design Level 3; User Testing and Usability Testing Level 3; -Level 5 Collaboration Advanced; Communication Advanced; Developing People Advanced; Digital Fluency Advanced; Learning Agility Advanced; Problem Solving Advanced; Self Management Advanced,
Associate Business Analyst,"The Associate Business Analyst plays a key supporting role within the software development and cybersecurity organization, assisting senior Business Analysts in various aspects of business analysis. This role involves participation in customer discovery, requirements documentation, and business analysis activities while cultivating foundational knowledge and skills essential for becoming a proficient business analyst. They conduct research and gather data to support the development of business cases, specifications, and solution designs aligned with organizational goals. The Associate Business Analyst demonstrates an eagerness to learn from subject matter experts across different fields, contributing to the success of projects and initiatives.",Agile Coaching Level 4; Budgeting Level 3; Business Agility Level 4; Business Environment Analysis Level 2-3; Business Needs Analysis Level 2-3; Business Negotiation Level 3; Business Performance Management Level 3; Business Presentation Delivery Level 3; Business Requirements Mapping Level 3; Business Risk Management Level 3; Change Management Level 3; Contract Management Level 3; Critical Thinking Level 4; Customer Experience Management Level 2; Data Analytics Level 2; Data Visualisation Level 3; Demand Analysis Level 3; Design Concepts Generation Level 3; Design Thinking Practice Level 3; Emerging Technology Synthesis Level 3; Learning and Development Level 4; Market Research Level 3; Networking Level 1-2; Partnership Management Level 2; People and Performance Management Level 1-2; Portfolio Management Level 4; Product Management Level 3; Product Risk Assessment Level 4; Project Feasibility Assessment Level 4; Project Management Level 2-3; Stakeholder Management Level 2-3; Strategy Implementation Level 3; Strategy Planning Level 4; Systems Thinking Level 3; Adaptability Intermediate; Building Inclusivity Intermediate; Collaboration Intermediate; Communication Intermediate; Creative Thinking Intermediate; Customer Orientation Intermediate; Digital Fluency Advanced; Learning Agility Intermediate; Problem Solving Advanced; Sense Making Intermediate; Transdisciplinary Thinking Intermediate,
Business Analyst,"The Business Analyst serves as the voice of the customer while shaping solutions suited to market needs. They are the conduits between technology and business domains, they contextualize user or customer journeys to inform prioritized features and system behaviors. Leveraging exceptional analytical abilities coupled with intuitive emotional intelligence, they constantly consider market conditions, trends, and emerging use cases while assessing product-market fit. Empathetic yet data-driven, they balance qualitative insights with quantitative validation. They are curious about customer problems and how technology can provide solutions. Business Analysts have good communication skills. They are comfortable dealing with rapid change and ambiguity and can simplify complex concepts to make sound decisions using methodical and structured thinking. The customer perspectives are patiently relayed by the Business Analysts to the team to uplift their knowledge in order to understand the problems and facilitate the discovery of solutions.",Agile Coaching Level 4; Budgeting Level 3; Business Agility Level 4; Business Environment Analysis Level 2-3; Business Needs Analysis Level 2-3; Business Negotiation Level 3; Business Performance Management Level 3; Business Presentation Delivery Level 4; Business Requirements Mapping Level 3; Business Risk Management Level 3; Change Management Level 3; Contract Management Level 3; Critical Thinking Level 4-5; Customer Experience Management Level 3; Data Analytics Level 2; Data Visualisation Level 3; Demand Analysis Level 4; Design Concepts Generation Level 3; Design Thinking Practice Level 3; Emerging Technology Synthesis Level 3; Learning and Development Level 4; Market Research Level 4; Networking Level 1-2; Partnership Management Level 2; People and Performance Management Level 1-2; Portfolio Management Level 4; Product Management Level 3-4; Product Risk Assessment Level 4; Project Feasibility Assessment Level 4; Project Management Level 2-3; Stakeholder Management Level 2-3; Strategy Implementation Level 3; Strategy Planning Level 4; Systems Thinking Level 3-4; Adaptability Intermediate; Collaboration Intermediate; Communication Intermediate; Customer Orientation Intermediate; Decision Making Intermediate; Digital Fluency Intermediate; Influence Intermediate; Learning Agility Intermediate; Problem Solving Intermediate; Sense Making Intermediate; Transdisciplinary Thinking Intermediate,
Project Manager,"The Project Manager plans projects and takes ownership of the successful implementation and achievement of project objectives. They define project resources, manage project progress, and facilitate interaction and tasks of various parties to reduce the risk of overall failure. The Project Manager develops and identifies advances/opportunities in project management to improve the timely delivery of projects and efficient use of resources. They ensure the adoption of adequate project management process frameworks and practices. The Project Manager works in a team setting and is knowledgeable of Agile practices and methodology, project management methodologies, and tools. The Project Manager/Scrum Master is an effective team player who manages project timelines, stakeholders, deliverables, and resources in a structured manner. They adopt an analytical and strategic approach to developing and communicating solutions that meet project objectives and stakeholder needs.",Agile Coaching Level 4; Artificial Intelligence Application in Product Development Level 4; Budgeting Level 3; Business Agility Level 4; Business Development Level 4; Business Environment Analysis Level 2-3; Business Needs Analysis Level 2-3; Business Negotiation Level 4; Business Performance Management Level 4; Business Presentation Delivery Level 5; Business Requirements Mapping Level 3; Business Risk Management Level 3; Change Management Level 3; Contract Management Level 4; Critical Thinking Level 4-5; Customer Experience Management Level 4; Data Analytics Level 2-3; Data Visualisation Level 4; Demand Analysis Level 4; Design Concepts Generation Level 3; Design Thinking Practice Level 4; Emerging Technology Synthesis Level 4; Learning and Development Level 5; Manpower Planning Level 3; Market Research Level 4; Networking Level 3; Organizational Analysis Level 4; Organizational Design Level 4; Partnership Management Level 3; People and Performance Management Level 3; Performance Management Level 4-5; Portfolio Management Level 4-5; Process Improvement and Optimisation Level 3; Product Management Level 4-5; Product Risk Assessment Level 4-5; Project Feasibility Assessment Level 5; Project Management Level 3-4; Quality Assurance Level 4; Quality Standards Level 4; Solution Architecture Level 4; Stakeholder Management Level 4; Strategy Implementation Level 3-4; Strategy Planning Level 4-5; Systems Thinking Level 4; Vendor Management Level 3; Adaptability Advanced; Collaboration Intermediate; Communication Intermediate; Customer Orientation Advanced; Decision Making Advanced; Developing People Advanced; Digital Fluency Intermediate; Influence Intermediate; Problem-Solving Advanced; Sense Making Advanced; Transdisciplinary Thinking Advanced,
Delivery Manager (Program Manager),"The Delivery Manager drives the product development vision and strategy and ensures alignment of the product roadmap with organizational strategy and vision. The Delivery Manager oversees the development of a suite of products to achieve strategic goals. The Delivery Manager establishes relationships with key clients and business partners to drive business and product growth. The Delivery Manager distills insights and competitive intelligence with various market analyses to grow the organization’s business. The Delivery Manager works with various teams across the organization. The Delivery Manager is proficient with product development and management practices and tools, as well as various product positioning and pricing methodologies. The Delivery Manager keeps abreast of the latest consumer and industry trends and anticipates new trends. The Delivery Manager adopts a global mindset when distilling market trends and synthesizing growth opportunities. The Delivery Manager guides the team to adopt innovative practices and mindsets. The Delivery Manager is an influential leader who inspires others to achieve long-term strategic goals and influence.",Agile Coaching Level 5; Artificial Intelligence Application in Product Development Level 4; Budgeting Level 4; Business Agility Level 5; Business Development Level 5; Business Environment Analysis Level 5; Business Innovation Level 6; Business Needs Analysis Level 5; Business Negotiation Level 4; Business Performance Management Level 5; Business Presentation Delivery Level 5; Business Requirements Mapping Level 5; Business Risk Management Level 5; Change Management Level 3-4; Contract Management Level 4; Critical Thinking Level 5; Customer Experience Management Level 5; Data Analytics Level 5; Data Visualisation Level 4; Demand Analysis Level 5; Design Concepts Generation Level 3; Design Thinking Practice Level 4; Emerging Technology Synthesis Level 4; IT Standards Level 4; IT Strategy Level 4; Learning and Development Level 5; Manpower Planning Level 4; Market Research Level 5; Networking Level 5; Organizational Analysis Level 5; Organizational Design Level 4; Partnership Management Level 5; People and Performance Management Level 5; Performance Management Level 5; Portfolio Management Level 5; Process Improvement and Optimisation Level 4; Product Management Level 5-6; Product Risk Assessment Level 5-6; Project Feasibility Assessment Level 5; Project Management Level 5; Quality Assurance Level 4; Quality Standards Level 4-5; Solution Architecture Level 4; Stakeholder Management Level 4; Strategy Implementation Level 3-4; Strategy Planning Level 5-6; Systems Thinking Level 4-5; Vendor Management Level 3-4; Adaptability Advanced; Collaboration Advanced; Communication Advanced; Customer Orientation Advanced; Decision Making Advanced; Developing People Advanced; Digital Fluency Advanced; Global Perspective Advanced; Influence Advanced; Problem Solving Advanced; Transdisciplinary Thinking Advanced,
Portfolio Manager,"The Portfolio Manager defines the organization’s product development vision and strategy and ensures alignment of the product roadmap with the strategy and vision. They anticipate the impacts of internal and external business challenges and market conditions on the organization’s product development roadmap. They oversee the organization’s product development process, and enhancements to product portfolios to improve their commercial performance. The Portfolio Manager guides development teams on issues related to product design, development and deployment for the product portfolio, and development of differentiated strategies across the lines of business. The Portfolio Manager works with various teams across the organization. They are knowledgeable of product development and management practices and tools, as well as product branding and pricing methodologies. The Portfolio Manager is also knowledgeable of new and emerging consumer and industry trends. The Portfolio Manager adopts a global mindset and integrates trends and knowledge from varying sources to chart a compelling vision for the future of product portfolios. They are a charismatic leader who inspires others toward common goals.",Agile Coaching Level 5; Artificial Intelligence Application in Product Development Level 5; Budgeting Level 4; Business Agility Level 5; Business Continuity Level 5; Business Development Level 5; Business Environment Analysis Level 5; Business Innovation Level 6; Business Needs Analysis Level 5; Business Negotiation Level 4; Business Performance Management Level 5; Business Presentation Delivery Level 5; Business Requirements Mapping Level 5; Business Risk Management Level 5; Change Management Level 3-4; Contract Management Level 4; Critical Thinking Level 5; Customer Experience Management Level 5; Data Analytics Level 5; Data Visualisation Level 4; Demand Analysis Level 5; Design Concepts Generation Level 3-4; Design Thinking Practice Level 5; Emerging Technology Synthesis Level 5; IT Standards Level 5; IT Strategy Level 5; Learning and Development Level 6; Manpower Planning Level 5; Market Research Level 5; Networking Level 5; Organizational Analysis Level 6; Organizational Design Level 5; Partnership Management Level 6; People and Performance Management Level 6; Performance Management Level 5; Portfolio Management Level 5; Process Improvement and Optimisation Level 5; Product Management Level 5-6; Product Risk Assessment Level 5-6; Project Feasibility Assessment Level 5; Project Management Level 6; Quality Assurance Level 4-5; Quality Standards Level 5; Solution Architecture Level 5; Stakeholder Management Level 5; Strategy Implementation Level 4; Strategy Planning Level 5-6; Systems Thinking Level 4-5; Vendor Management Level 4; Adaptability Advanced; Collaboration Advanced; Communication Advanced; Customer Orientation Advanced; Decision Making Advanced; Developing People Advanced; Digital Fluency Advanced; Global Perspective Advanced; Influence Advanced; Problem Solving Advanced; Transdisciplinary Thinking Advanced,
Associate Software Engineer,"The Associate Software Engineer applies subject matter knowledge in applications development, possessing skills in programming, design, development, testing, debugging, and implementing software applications or specialized utility programs. They support regular updates and recommend improvements to existing applications. They are conversant in data modeling and SQL. The Associate Software Engineer works under supervision to effectively deal with unfamiliar issues and follows recommended coding standards and secure-coding principles to avoid security vulnerabilities. They provide technical support to the quality testing teams. The Associate Software Engineer works in a team setting and is proficient in programming languages required by the organization. They are familiar with software development tools and standards, as well as the relevant software platforms on which the solution is deployed. The Associate Software Engineer is a keen learner, and able to apply structured, analytical thinking to develop applications. They are a strong team player, who communicates their ideas and gets along with others easily.",Agile Software Development Level 3; Applications Development Level 3; Applications Integration Level 3; Applications Support and Enhancement Level 1-2; Business Environment Analysis Level 2; Business Needs Analysis Level 2; Cloud Computing Level 4; Configuration Tracking Level 1-2; Critical Thinking Level 3; Data Design Level 3; Database Administration Level 3; Design Thinking Practice Level 3; Emerging Technology Synthesis Level 3; Learning and Development Level 4; Problem Management Level 3; Product Management Level 3; Project Management Level 3; Quality Assurance Level 3; Quality Standards Level 4; Software Configuration Level 2; Software Design Level 3; Software Testing Level 2; Solution Architecture Level 4; Stakeholder Management Level 2; System Integration Level 3; Systems Design Level 4; Systems Thinking Level 3; Test Planning Level 2; User Interface Design Level 2; User Interface (UI) Design Level 3; Collaboration Intermediate; Communication Basic; Digital Fluency Basic; Learning Agility Intermediate; Problem Solving Intermediate; Self Management Intermediate,
Software Engineer,"The Software Engineer participates in projects and possesses the capability for design, development, testing, debugging, and implementing software applications or specialized utility programs in support of end users’ needs on platforms. They plan and coordinate regular updates and recommend improvements to existing applications. The Software Engineer identifies and resolves issues that have organization- wide and long-term impact. They identify security risks and create requirements to capture security issues to ensure coding standards meet security requirements. The Software Engineer develops and maintains the software configuration management plan and oversees the building, verification, and implementation of software releases. They provide guidance and technical support to the quality testing teams. The Software Engineer works in a team setting and is proficient in programming languages required by the organization. They are familiar with software development tools and standards, as well as the relevant software platforms on which the solution is deployed. The Software Engineer is imaginative and creative in exploring a range of application designs and solutions. They can engage and support others in the team and readily put forth their ideas clearly and compellingly.",Agile Software Development Level 4; Applications Development Level 4; Applications Integration Level 4; Applications Support and Enhancement Level 3; Budgeting Level 3; Business Environment Analysis Level 3; Business Needs Analysis Level 3; Business Negotiation Level 3; Business Requirements Mapping Level 3; Business Risk Management Level 3; Change Management Level 3; Cloud Computing Level 4; Configuration Tracking Level 3; Critical Thinking Level 3-4; Data Design Level 3; Database Administration Level 4; Design Thinking Practice Level 4; Emerging Technology Synthesis Level 4; Learning and Development Level 4; Performance Management Level 4; Problem Management Level 3; Product Management Level 4; Project Management Level 4; Quality Assurance Level 3-4; Quality Standards Level 4; Software Configuration Level 3; Software Design Level 4; Software Testing Level 3; Solution Architecture Level 4; Stakeholder Management Level 2-3; System Integration Level 3; Systems Design Level 4-5; Systems Thinking Level 3-4; Test Planning Level 3; User Experience Design Level 2-3; User Interface (UI) Design Level 3; Collaboration Intermediate; Communication Basic; Digital Fluency Intermediate; Learning Agility Intermediate; Problem Solving Intermediate; Self Management Intermediate; Communication Intermediate,
(Software) Solutions Architect,"The Solutions Architect is a pivotal role that bridges the technical and business worlds, translating complex requirements into viable, scalable, and sustainable software solutions. This individual is responsible for the end-to-end architecture of software systems, ensuring alignment with business goals, technology standards, and best practices in software development. The Solutions Architect provides technical oversight for the rest of the software development team and is responsible for defining, communicating, and maintaining the necessary standards and practices for code, tools, platform, testing, integration, and delivery.","Agile Coaching Level 4; Agile Software Development Level 4; Applications Development Level 5; Applications Integration Level 5; Applications Support and Enhancement Level 4; Budgeting Level 4; Business Environment Analysis Level 4; Business Innovation Level 5; Business Needs Analysis Level 4; Business Negotiation Level 4; Business Performance Management Level 4; Business Requirements Mapping Level 4; Business Risk Management Level 4; Change Management Level 4; Cloud Computing Level 6; Configuration Tracking Level 4; Continuous Integration and Continuous Deployment Level 4; Critical Thinking Level 4-5; Data Design Level 4; Database Adminisrtation Level 4-5; Design Thinking Practice Level 4-5; Emerging Technology Synthesis Level 5; Enterprise Architecture Level 5; Learning and Development Level 5; Networking Level 4; Organizational Analysis Level 4; People and Performance Management Level 4; Performance Management Level 5; Problem Management Level 4; Product Management Level 5; Project Feasibility Assessment Level 4; Project Management Level 5; Quality Assurance Level 5; Quality Standards Level 5; Service Level Management Level 5; Software Configuration Level 4; Software Design Level 5; Software Testing Level 4; Solution Architecture Level 5; Stakeholder Management Level 4-5; System Integration Level 4-5; Systems Design Level 5-6; Systems Thinking Level 4-5; Test Planning Level 4-5; Training, Coaching and Assessment Management Level 4-5; User Experience Design Level 3; User Interface Design Level 4; Vendor Management Level 4; Enterprise Architecture Level 6; Manpower Planning Level 4; Adaptability Advanced; Collaboration Intermediate; Communication Intermediate; Developing People Advanced; Digital Fluency Advanced; Influence Intermediate; Learning Agility Advanced; Problem Solving Advanced; Self Management Advanced; Collaboration Advanced; Communication Advanced",
Associate Embedded Systems Engineer,"The Associate Embedded Systems Engineer performs software design, development, and implementation of embedded systems in a product development environment. The Associate Embedded Systems Engineer programs embedded systems to perform specific tasks in real time and within the device that it serves. The Associate Embedded Systems Engineer specifies and prototypes new products and solutions. They develop embedded systems testing and simulation tools aligned with security standards. They test new products and document results. The Associate Embedded Systems Engineer identifies systems issues, performs root cause analysis, and develops solutions to increase embedded systems reverse engineering resilience. The Associate Embedded Systems Engineer migrates the embedded software stack across platforms. The Associate Embedded Systems Engineer works in a team setting and is familiar with the programming languages required by the organization. They are also knowledgeable of microcontroller-based hardware components.",Agile Software Development Level 4; Applications Development Level 3; Applications Integration Level 3; Business Environment Analysis Level 2; Business Needs Analysis Level 2; Business Risk Management Level 3; Configuration Tracking Level 1-2; Control System Programming Level 2; Critical Thinking Level 3; Embedded Systems Integration Level 3; Embedded Systems Interface Design Level 3; Embedded Systems Programming Level 3; Emerging Technology Synthesis Level 3; Network Configuration Level 2; Network Security Level 3; Project Management Level 3; Software Configuration Level 2; Software Design Level 3; Software Testing Level 2; Solution Architecture Level 3; Stakeholder Management Level 2; System Integration Level 3; Test Planning Level 2; Vendor Management Level 3; Collaboration Intermediate; Communication Basic; Decision Making Intermediate; Learning Agility Intermediate; Problem-Solving Intermediate; Self-Management Intermediate; Self Management Intermediate,
Embedded Systems Engineer,"The Embedded Systems Engineer envisions, designs, implements, tests, and delivers embedded systems in a product development environment. They contribute to the definition of requirements, product, and design specifications and collaborate with the hardware team throughout the software development lifecycle. The Embedded Systems Engineer defines innovative approaches to embedded systems development and integration of security aspects. They develop prototypes, create software tools for testing and automation, and evaluate the latest technologies. An Embedded Systems Engineer works in a team setting and is proficient in programming languages required by the organization. They are also knowledgeable of microprocessor and microcontroller-based hardware components. The Embedded Systems Engineer is methodical in the development and integration of embedded systems, and also creative in exploring ways to enhance embedded system solutions further. They work effectively in a team, guide junior team members, and can engage others when presenting their ideas to both internal and external stakeholders.","Agile Coaching Level 4; Agile Software Development Level 5; Applications Development Level 4; Applications Integration Level 4; Budgeting Level 3; Business Environment Analysis Level 3; Business Needs Analysis Level 3; Business Negotiation Level 3; Business Performance Management Level 3; Business Risk Management Level 3; Change Management Level 3; Configuration Tracking Level 3; Control System Programming Level 3; Critical Thinking Level 4; Embedded Systems Integration Level 4; Embedded Systems Interface Design Level 4; Embedded Systems Programming Level 4; Emerging Technology Synthesis Level 4; Learning and Development Level 4; Network Configuration Level 3; Network Security Level 4; Performance Management Level 4; Project Management Level 4; Software Configuration Level 3; Software Design Level 4; Software Testing Level 3; Solution Architecture Level 4; Stakeholder Management Level 3; System Integration Level 3; Test Planning Level 3; Training, Coaching and Assessment Management Level 3; Vendor Management Level 3; Collaboration Intermediate; Communication Intermediate; Decision Making Advanced; Digital Fluency Advanced; Learning Agility Intermediate; Problem-Solving Advanced; Self-Management Intermediate; Self Management Intermediate",
Embedded Systems Architect,"The Embedded Systems Architect plans and oversees the embedded system design, development, and integration aligned with policy and standards. This individual scopes out requirement specifications, plans project life cycles and estimates resources and budgets. They communicate with stakeholders to gain buy-in and coordinate deliverables with multiple product line owners. The Embedded Systems Architect oversees the preparation of test procedures and performance of qualification testing as well as the development of product, and design documentation. They guide the validation and verification of overall system design concepts and framework. They also provide manufacturing and final product release support as well as managing and developing junior staff. The Embedded Systems Architect leads a team and is responsible for managing projects and resources of the team, as well as coaching team members to build their technical capabilities. They are also experts in microprocessor and microcontroller-based hardware components, and the interconnectivity between systems and networks. The Embedded Systems Architect manages a team of engineers and other stakeholders, they are confident leaders who can justify their decisions, put forth their ideas in a persuasive manner, and engage others to gain buy-in. They should also be analytical and structured in the planning and management of embedded system design and integration projects, anticipating problems and developing solutions to them.","Agile Coaching Level 5; Agile Software Development Level 6; Applications Development Level 5; Applications Integration Level 5; Budgeting Level 4; Business Environment Analysis Level 4; Business Innovation Level 5; Business Needs Analysis Level 4; Business Negotiation Level 4; Business Performance Management Level 4; Business Requirements Mapping Level 4; Business Risk Management Level 4; Change Management Level 4; Configuration Tracking Level 4; Control System Programming Level 4; Critical Thinking Level 5; Embedded Systems Integration Level 5; Embedded Systems Interface Design Level 5; Embedded Systems Programming Level 5; Emerging Technology Synthesis Level 5; Learning and Development Level 4; Manpower Planning Level 3; Networking Level 4; Network Security Level 5; Organizational Analysis Level 4; People and Performance Management Level 3; Performance Management Level 5; Problem Management Level 4; Project Feasibility Assessment Level 4; Project Management Level 5; Software Configuration Level 4; Software Design Level 5; Software Testing Level 4; Solution Architecture Level 4; Stakeholder Management Level 5; Strategy Implementation Level 3; Strategy Planning Level 4; System Integration Level 5; Test Planning Level 4; Training, Coaching and Assessment Management Level 4; User Interface Design Level 4; Vendor Management Level 4; Collaboration Advanced; Decision Making Advanced; Developing People Advanced; Digital Fluency Advanced; Influence Advanced; Learning Agility Intermediate; Problem-Solving Advanced; Self-Management Advanced",
Chief Technology Officer,"The Chief Technology Officer (CTO) oversees all technical aspects of the organization and partners with key stakeholders within the business to evaluate new IT opportunities for growth. The CTO approves the deployment of new technologies to enhance or develop new services and product offerings. The CTO devices and implements long-term strategies focused on both current and new technologies that can help an organization go to market more effectively, in turn increasing revenue through technological enhancements. The CTO is an inspiring leader with a futuristic mindset with an ability to drive innovative enhancements in the organization. The Chief Technology Officer foresees connections across diverse areas and influences key stakeholder decisions.",Agile Coaching Level 6; Agile Software Development Level 6; Applications Development Level 5; Artificial Intelligence Application Level 6; Artificial Intelligence Application in Product Development Level 6; Automation Management Level 5-6; Budgeting Level 6; Business Agility Level 6; Business Continuity Level 6; Business Environment Analysis Level 5; Business Innovation Level 5; Business Needs Analysis Level 4-5; Business Negotiation Level 5; Business Performance Management Level 4-5; Business Presentation Delivery Level 4; Business Requirements Mapping Level 4-5; Business Risk Management Level 5-6; Change Management Level 5-6; Configuration Tracking Level 4; Continuous Integration and Continuous Deployment Level 5; Critical Thinking Level 5; Emerging Technology Synthesis Level 6; Enterprise Architecture Level 6; Innovation Management Level 4; IT Governance Level 4-5; IT Standards Level 4-5; IT Strategy Level 5-6; Learning and Development Level 5-6; Manpower Planning Level 4; Networking Level 5; Organizational Analysis Level 6; Organizational Design Level 6; Partnership Management Level 6; People and Performance Management Level 5; Performance Management Level 6; Portfolio Management Level 6; Problem Management Level 5; Product Management Level 5-6; Project Feasibility Assessment Level 5; Project Management Level 4-5; Quality Standards Level 6; Service Level Management Level 6; Software Design Level 5-6; Software Testing Level 4; Solution Architecture Level 5-6; Stakeholder Management Level 5; Strategy Implementation Level 4; Strategy Planning Level 6; Sustainability Management Level 5-6; System Integration Level 6; Test Planning Level 4-5; Vendor Management Level 4-5; Building Inclusivity Advanced; Communication Advanced; Creative Thinking Advanced; Customer Orientation Advanced; Decision Making Advanced; Developing People Advanced; Digital Fluency Advanced; Global Perspective Advanced; Influence Advanced; Learning Agility Advanced; Transdisciplinary Thinking Advanced,
Security Analyst,"The Security Analyst has minimal experience in IT and cybersecurity that supports the security function under close supervision. This role conducts basic security tasks to assist in monitoring, access control, vulnerability testing, and security incident response. Their key responsibilities include:",Audit and Compliance Level 3; Business Continuity Level 4; Cloud Computing Level 4; Continuous Improvement Level 3; Critical Thinking Level 3; Cyber and Data Breach Incident Management Level 4; Cybersecruity Level 4; Data Analytics Level 3; Data Governance Level 4; Disaster Recovery Management Level 4; Emerging Technology Synthesis Level 3; IT Governance Level 4; IT Standards Level 4; IT Strategy Level 4; Learning and Development Level 4; Network Security Level 3; Programming and Coding Level 2; Quality Standards Level 4; Security Administration Level 2; Security Architecture Level 3; Security Assessment and Testing Level 2-3; Security Education and Awareness Level 3; Security Operation Compliance Level 3; Security Programme Management Level 3; Security Strategy Level 4; Security Surveillance Management Level 3; Security Threat Research Level 4; Stakeholder Management Level 2; Threat Analysis and Defense Level 3; Threat Intelligence and Detection Level 3; Threat and Vulnerability Management Level 3; Agile Software Development Level 4; Applications Development Level 4; Artificial Intelligence Application Level 5; Artificial Intelligence Ethics and Governance Level 4; Audit and Compliance Level 4; Budgeting Level 5; Business Needs Analysis Level 4; Business Performance Management Level 4; Cloud Computing Level 5; Continuous Improvement Level 4; Collaboration Intermediate; Communication Intermediate; Creative Thinking Intermediate; Digital Fluency Intermediate; Problem Solving Intermediate; Sense Making Intermediate; Digital Fluency Advanced; Problem Solving Advanced; Adaptability Intermediate; Collaboration Advanced; Communication Advanced; -Level 5 Creative Thinking Intermediate; Decision Making Intermediate; Developing People Intermediate; Transdisciplinary Thinking Intermediate,
Vulnerability Assessment and Penetration Testing Analyst,"The Vulnerability Assessment and Penetration Testing Analyst designs and performs tests and checks cases to determine if infrastructure components, systems, and applications meet confidentiality, integrity, authentication, availability, authorization, and non-repudiation standards. This individual translates requirements into test plans and writes and executes test scripts or codes in line with standards and procedures to determine vulnerability from attacks. They certify infrastructure components, systems, and applications that meet security standards. The Vulnerability Assessment and Penetration Testing Analyst is well-versed with cyber security standards, protocols, and frameworks, has a creative and analytical mind, and deploys new and innovative methods to perform penetration tests. They work well in a team and communicate findings and implications effectively to relevant stakeholders.","Audit and Compliance Level 3; Continuous Improvement Level 4; Critical Thinking Level 4; Cyber and Data Breach Incident Management Level 4-5; Cybersecurity Level 4; Data Analytics Level 4; Data Governance Level 4; Disaster Recovery Management Level 4-5; Emerging Technology Synthesis Level 4; IT Governance Level 4; IT Standards Level 4; IT Strategy Level 4; Learning and Development Level 5; Programming and Coding Level 3-4; Quality Standards Level 4; Security Assessment and Testing Level 4; Security Education and Awareness Level 3; Security Operation Compliance Level 3-4; Security Program Management Level 3-4; Security Strategy Level 4; Security Threat Research Level 4; Stakeholder Management Level 3; Strategy Implementation Level 3; Strategy Planning Level 4; Test Planning Level 4; Threat Analysis and Defence Level 4; Threat Intelligence and Detection Level 4; Threat and Vulnerability Management Level 4; Security Threat Research Level 6; Software Design Level 5; Software Testing Level 3-4; Solution Architecture Level 4-5; Stakeholder Management Level 4; Strategy Implementation Level 4; Strategy Planning Level 5-6; Threat Analysis and Defense Level 5; Threat Intelligence and Detection Level 5; Training, Coaching and Assessment Management Level 4; Creative Thinking Intermediate; Decision Making Intermediate; Digital Literacy Advanced; Problem Solving Advanced; Sense Making Advanced; Transdisciplinary Thinking Advanced",
Vulnerability Assessment and Penetration Testing Manager,"The Vulnerability Assessment and Penetration Testing Manager plans and oversees the delivery of testing and certification services to determine whether infrastructure components, systems and applications meet confidentiality, integrity, authentication, availability, authorisation and non- repudiation standards. This individual reports on testing outcomes and activities. They provide recommendations and manage stakeholder expectations. They ensure compliance with assessment and testing standards, processes and tools. They develop organisational testing capability and support knowledge management. The Vulnerability and Testing Manager are well versed with cyber security standards, protocols and frameworks, and have sound knowledge of various testing applications and services. The Vulnerability Assessment and Penetration Testing Manager possesses strong analytical and critical thinking abilities to resolve and advise on highly complex issues, and effectively communicates outcomes to relevant stakeholders. They are adept at managing resources and developing their team. Critical Work Performance Functions Expectations Establish cyber • Develop policies and frameworks to conduct security penetration testing In accordance with: security policies • Establish certification-based policies for maintaining compliance","Audit and Compliance Level 4; Budgeting Level 5; Business Performance Management Level 5; Continuous Improvement Level 5; Critical Thinking Level 5; Cyber and Data Breach Incident Management Level 5; Cybersecurity Level 5; Data Analytics Level 5; Data Governance Level 5; Disaster Recovery Management Level 4-5; Emerging Technology Synthesis Level 5; IT Governance Level 4-5; IT Standards Level 4-5; IT Strategy Level 4-5; Learning and Development Level 6; Manpower Planning Level 4; Networking Level 5; People and Performance Management Level 4; Programming and Coding Level 4; Quality Standards Level 4-5; Security Assessment and Testing Level 5; Security Education and Awareness Level 4-5; Security Governance Level 5; Security Operation Compliance Level 4; Security Program Management Level 4; Security Strategy Level 4-5; Security Threat Research Level 4; Stakeholder Management Level 3; Strategy Implementation Level 4; Strategy Planning Level 5; Test Planning Level 5; Threat Analysis and Defence Level 5; Threat Intelligence and Detection Level 5; Threat and Vulnerability Management Level 4; Training, Coaching and Assessment Management Level 4; Threat Analysis and Defense Level 5; Creative Thinking Advanced; Decision Making Advanced; Developing People Advanced; Digital Fluency Advanced; Global Perspective Advanced; Problem Solving Advanced; Sense Making Advanced; Transdisciplinary Thinking Advanced",
Senior Network Security Engineer / Security Infra Engineer,"The Senior Network Security Engineer/Security Infra Engineer designs, develops and implements secure system architectures. This individual embeds security principles into the design of system architectures to mitigate the risks posed by new technologies and business practices. They design artifacts, spanning design, development, and implementation, into enterprise systems that describe security principles and how they relate to the overall enterprise system architecture. They perform routine activities related to the periodic review and audit activities of infrastructure security systems and maintain documentation of security standards and procedures. The Senior Network Security Engineer/Security Infra Engineer is well versed with cyber security standards, protocols and frameworks, and works in compliance with the Data Privacy Act of 2012 (Republic Act No. 10173), Cybercrime Prevention Act of 2012, Electronic Commerce Act of 2000 (Republic Act No. 8792), Anti- Child Pornography Act (Republic Act No. 9775), Anti-Photo and Video Voyeurism Act (Republic Act No. 9995), The Consumer Act of the Philippines (Republic Act No. 7394), The General Banking Law of 2000 (Republic Act No. 8791), Electronic Banking - Bangko Sentral ng Pilipinas (BSP) Circular 1022, Anti-Money Laundering Act 2001 (Republic Act No. 9160) as amended, The Agricultural and Fisheries Modernization Act of 1997 (Republic Act No. 8435), and the New Central Bank Act (Republic Act No. 7653). They are knowledgeable of various applications, hardware technologies, and services. The Senior Network Security Engineer/Security Infra Engineers are structured and systematic in their approach to designing and implementing secure system architectures. They are articulate and work well with their team and other stakeholders.","Audit and Compliance Level 3-4; Business Needs Analysis Level 4; Cloud Computing Level 6; Continuous Improvement Level 5; Critical Thinking Level 5; Cyber and Data Breach Incident Management Level 5; Cyber Forensics Level 5; Cybersecurity Level 5; Data Analytics Level 5; Data Governance Level 5; Disaster Recovery Management Level 4-5; Emerging Technology Synthesis Level 4; Infrastructure Design Level 4-5; Infrastructure Strategy Level 4-5; IT Governance Level 4-5; IT Standards Level 4-5; IT Strategy Level 4-5; Learning and Development Level 6; Manpower Planning Level 4; Network Security Level 5; People and Performance Management Level 4; Programming and Coding Level 4; Quality Standards Level 4-5; Security Administration Level 4; Security Architecture Level 4-5; Security Education and Awareness Level 4-5; Security Governance Level 5; Security Operation Compliance Level 4; Security Program Management Level 4; Security Strategy Level 4-5; Security Surveillance Management Level 4; Security Threat Research Level 4; Solution Architecture Level 5; Stakeholder Management Level 5; Strategy Implementation Level 4; Strategy Planning Level 5; Threat and Vulnerability Management Level 4; Training, Coaching and Assessment Management Level 4; Collaboration Intermediate; Communication Intermediate; Creative Thinking Intermediate; Decision Making Intermediate; Digital Fluency Advanced; Problem Solving Intermediate; Sense Making Intermediate; Transdisciplinary Thinking Advanced",
Infra Security Architect,"The Infra Security Architect leads unique and highly complex projects involving the design, development, and implementation of secure system architectures. This individual plans and monitors the design of artifacts into enterprise systems that describe security principles and how they relate to the overall enterprise system architecture. They are involved in the development and application of new solutions in infrastructure security. They recommend and lead the adoption of new technological advances and best practices in infrastructure security systems to mitigate security risks. They identify and resolve unique and complex issues, which may have organization-wide and long-term impacts. The Infra Security Architect is an expert in cyber security standards, protocols and frameworks, and ensures the organization’s compliance with the Data Privacy Act of 2012 (Republic Act No. 10173), Cybercrime Prevention Act of 2012, Electronic Commerce Act of 2000 (Republic Act No. 8792), Anti-Child Pornography Act (Republic Act No. 9775), Anti-Photo and Video Voyeurism Act (Republic Act No. 9995), The Consumer Act of the Philippines (Republic Act No. 7394), General Banking Law of 2000 (Republic Act No. 8791), Electronic Banking - Bangko Sentral ng Pilipinas (BSP) Circular 1022, Anti-Money Laundering Act 2001 (Republic Act No. 9160) as amended, The Agricultural and Fisheries Modernization Act of 1997 (Republic Act No. 8435), and the New Central Bank Act (Republic Act No. 7653). They are knowledgeable of various applications hardware technologies and services. The Infra Security Architect has a creative and critical mind and enjoys identifying linkages and interconnections among various parts of a system or architecture. They are technical experts who should also be people-oriented, consultative, developmental, and actively engaging stakeholders to design optimal secure system architectures. The Infra Security Architect also mentors and provides technical leadership to the junior staff.",Audit and Compliance Level 3; Business Needs Analysis Level 3; Cloud Computing Level 5; Continuous Improvement Level 4; Critical Thinking Level 4; Cyber and Data Breach Incident Management Level 5; Cyber Forensics Level 4-5; Cybersecurity Level 4; Data Analytics Level 4; Data Governance Level 4; Disaster Recovery Management Level 4-5; Emerging Technology Synthesis Level 3; Infrastructure Design Level 3-4; Infrastructure Strategy Level 4-5; IT Governance Level 4; IT Standards Level 4; IT Strategy Level 4; Learning and Development Level 5; Network Security Level 4; Programming and Coding Level 3-4; Quality Standards Level 4; Security Administration Level 3; Security Architecture Level 3-4; Security Assessment and Testing Level 3-4; Security Education and Awareness Level 3-4; Security Governance Level 4; Collaboration Intermediate; Communication Intermediate; Creative Thinking Intermediate; Decision Making Intermediate; Digital Fluency Advanced; Problem Solving Intermediate; Sense Making Intermediate; Transdisciplinary Thinking Advanced,
Security Operations Analyst,"The Security Operations Analyst performs real-time analysis and trending of security log data from various security devices and systems. They maintain data sources feeding the log monitoring system, develop and maintain detection and alerting rules. This individual responds to user incident reports and evaluates the type and severity of security events. The Security Operations Analyst documents incidents and develops reports. They also identify recurring security issues and risks to develop mitigation plans and recommend process improvements. They interpret and apply security policies and procedures. Security Operations Analysts are required to be on standby with on-call availability with varied shifts including nights, weekends and holidays. They are familiar with cyber security standards, protocols and frameworks, and works in accordance with the Data Privacy Act of 2012 (Republic Act No. 10173), Cybercrime Prevention Act of 2012, Electronic Commerce Act of 2000 (Republic Act No. 8792), Anti-Child Pornography Act (Republic Act No. 9775), Anti- Photo and Video Voyeurism Act (Republic Act No. 9995),The Consumer Act of the Philippines (Republic Act No. 7394), The General Banking Law of 2000 (Republic Act No. 8791), Electronic Banking - Bangko Sentral ng Pilipinas (BSP) Circular 1022, Anti-Money Laundering Act 2001 (Republic Act No. 9160) as amended, The Agricultural and Fisheries Modernization Act of 1997 (Republic Act No. 8435), and the New Central Bank Act (Republic Act No. 7653). They are knowledgeable in using various cyber security monitoring and testing tools and techniques. The Security Operations Analyst is diligent and takes an analytical approach to perform real-time analyses. They are skilled in synthesizing trends and insights, and are confident in putting forth creative mitigation plans and solutions to security incidents.",Audit and Compliance Level 3; Business Continuity Level 4; Continuous Improvement Level 4; Critical Thinking Level 4; Cyber and Data Breach Incident Management Level 3; Cyber Forensics Level 4-5; Cyber Risk Management Level 4; Cybersecurity Level 4; Data Analytics Level 4; Data Governance Level 4; Disaster Recovery Management Level 4-5; Emerging Technology Synthesis Level 3-4; Infrastructure Design Level 3-4; IT Governance Level 4; IT Standards Level 4; IT Strategy Level 4; Learning and Development Level 5; Network Security Level 3; Programming and Coding Level 3-4; Quality Standards Level 4; Security Administration Level 3; Security Program Management Level 4; Stakeholder Management Level 3; Threat Analysis and Defence Level 4; Threat Intelligence and Detection Level 3; Collaboration Intermediate; Communication Intermediate; Creative Thinking Intermediate; Decision Making Intermediate; Digital Fluency Advanced; Problem Solving Intermediate; Sense Making Intermediate; Problem Solving Advanced; Transdisciplinary Thinking Intermediate,
Security Operations Manager,"The Security Operations Manager plans and oversees monitoring and maintenance of security operations and provides direction and leadership to internal resources. This individual provides expertise on security technologies and innovative security concepts and works toward enhancing the resilience of security operations. They coordinate ongoing reviews of existing security programs, protocols and planned upgrades. They establish escalation processes for security incidents and develop contingency plans and disaster recovery procedures. They focus on policy implementation and control. The Security Operations Manager is familiar with cyber security standards, protocols, and frameworks, and ensures the organization’s compliance with the Data Privacy Act of 2012 (Republic Act No. 10173), Cybercrime Prevention Act of 2012, Electronic Commerce Act of 2000 (Republic Act No. 8792), Anti-Child Pornography Act (Republic Act No. 9775), Anti-Photo and Video Voyeurism Act (Republic Act No. 9995), The Consumer Act of the Philippines (Republic Act No. 7394), The General Banking Law of 2000 (Republic Act No. 8791), Electronic Banking - Bangko Sentral ng Pilipinas (BSP) Circular 1022, Anti-Money Laundering Act 2001 (Republic Act No. 9160) as amended, The Agricultural and Fisheries Modernization Act of 1997 (Republic Act No. 8435), and the New Central Bank Act (Republic Act No. 7653). They are knowledgeable in using various cyber security monitoring and testing tools and techniques The Security Operations Manager is diligent and watchful in monitoring security operations, systems, and activities. They are also a confident leader who develops plans and solutions to address security incidents and also have a passion for engaging and developing others in their team. Critical Work Performance Functions Expectations Implement cyber • Develop the organization’s cyber security strategy In accordance with: security strategy • Align security operations functions with the organization’s overall business objectives","Audit and Compliance Level 4; Budgeting Level 5; Business Continuity Level 5; Business Performance Management Level 5; Continuous Improvement Level 5; Critical Thinking Level 5; Cyber and Data Breach Incident Management Level 5; Cyber Risk Management Level 5; Cybersecurity Level 5; Data Analytics Level 5; Data Governance Level 5; Disaster Recovery Management Level 4-5; Emerging Technology Synthesis Level 5; Infrastructure Design Level 4-5; IT Governance Level 4-5; IT Standards Level 4-5; IT Strategy Level 4-5; Learning and Development Level 6; Manpower Planning Level 4; Networking Level 4; Network Security Level 4; People and Performance Management Level 4; Programming and Coding Level 4; Quality Standards Level 4-5; Security Administration Level 4; Security Architecture Level 4-5; Security Assessment and Testing Level 4-5; Security Education and Awareness Level 4-5; Security Operation Compliance Level 4; Security Program Management Level 4-5; Security Strategy Level 4-5; Security Surveillance Management Level 4; Security Threat Research Level 4; Stakeholder Management Level 3-4; Strategy Implementation Level 4; Strategy Planning Level 5; Threat Analysis and Defence Level 5; Threat Intelligence and Detection Level 4; Threat and Vulnerability Management Level 4; Training, Coaching and Assessment Management Level 4; Collaboration Advanced; Communication Advanced; Creative Thinking Advanced; Decision Making Advanced; Developing People Advanced; Digital Fluency Advanced; Problem Solving Advanced; Sense Making Advanced; Sense Making Intermediate; Transdisciplinary Thinking Intermediate",
Incident Investigator,"The Incident Investigator conducts deep analysis to investigate causes of intrusion, attack, loss, or breach occurring in an organization. This individual identifies and defines cyber threats and root causes. They develop reports that detail incident timelines, evidence, findings, conclusions, and recommendations. They are responsible for managing cyber incidents and resolving the incidents promptly. They prepare reports, communicate findings to senior stakeholders, and recommend corrective actions to prevent and mitigate internal control failures. They are required to be on standby with on-call availability with varied shifts including nights, weekends, and holidays. The Incident Investigator is familiar with cyber security standards, protocols, and frameworks, and works in compliance with the Data Privacy Act of 2012 (Republic Act No. 10173), Cybercrime Prevention Act of 2012, Electronic Commerce Act of 2000 (Republic Act No. 8792), Anti-Child Pornography Act (Republic Act No. 9775), Anti-Photo and Video Voyeurism Act (Republic Act No. 9995), The Consumer Act of the Philippines (Republic Act No. 7394), The General Banking Law of 2000 (Republic Act No. 8791), Electronic Banking - Bangko Sentral ng Pilipinas (BSP) Circular 1022, Anti-Money Laundering Act 2001 (Republic Act No. 9160) as amended, The Agricultural and Fisheries Modernization Act of 1997 (Republic Act No. 8435), and the New Central Bank Act (Republic Act No. 7653). They are knowledgeable in using various cybersecurity tools and techniques to resolve incidents. The Incident Investigator is detail-oriented and adopts a critical and systematic approach in conducting investigations and analyses. They view issues from multiple perspectives actively communicate their thoughts and engage with other team members.",Continuous Improvement Level 4; Critical Thinking Level 4; Cyber and Data Breach Incident Management Level 3; Cyber Forensics Level 4-5; Cyber Risk Management Level 4; Cybersecurity Level 4; Data Analytics Level 4; Data Governance Level 4; Disaster Recovery Management Level 4-5; Emerging Technology Synthesis Level 3-4; IT Governance Level 4; IT Standards Level 4; IT Strategy Level 4; Learning and Development Level 5; Process Improvement and Optimisation Level 4-5; Programming and Coding Level 3-4; Quality Standards Level 4; Security Assessment and Testing Level 3; Security Education and Awareness Level 4; Security Operation Compliance Level 3-4; Security Program Management Level 3-4; Security Strategy Level 4; Security Threat Research Level 4; Stakeholder Management Level 4-5; Strategy Implementation Level 3; Strategy Planning Level 4; Threat Analysis and Defence Level 3; Threat Intelligence and Detection Level 3; Threat and Vulnerability Management Level 3; Collaboration Intermediate; Communication Intermediate; Creative Thinking Intermediate; Decision Making Intermediate; Digital Fluency Advanced; Problem Solving Intermediate; Sense Making Intermediate,
Incident Investigator Manager,"The Incident Investigation Manager plans and oversees the performance of security response during the event of a cyber-incident or threat. This individual proposes mitigation techniques and countermeasures as well as develops cyber security solutions to prevent future attacks. They develop and implement cyber incident response strategies. The Incident Investigation Manager presents cyber-incident reports to senior leaders. They are required to be on standby with on-call availability with varied shifts including nights, weekends and holidays. The Incident Investigation Manager is familiar with cyber security standards, protocols and frameworks, and ensures the organization’s compliance to the Data Privacy Act of 2012 (Republic Act No. 10173), Cybercrime Prevention Act of 2012, Electronic Commerce Act of 2000 (Republic Act No. 8792), Anti-Child Pornography Act (Republic Act No. 9775), Anti-Photo and Video Voyeurism Act (Republic Act No. 9995),The Consumer Act of the Philippines (Republic Act No. 7394),The General Banking Law of 2000 (Republic Act No. 8791), Electronic Banking - Bangko Sentral ng Pilipinas (BSP) Circular 1022, Anti-Money Laundering Act 2001 (Republic Act No. 9160) as amended, The Agricultural and Fisheries Modernization Act of 1997 (Republic Act No. 8435), and the New Central Bank Act (Republic Act No. 7653). They are knowledgeable in using various cyber security analysis tools and techniques to resolve incidents. The Incident Investigation Manager is diligent and watchful in monitoring security operations, systems and activities. They are quick to provide solutions and fix issues when they arise. They are adept at dealing with complexity, and are an articulate and developmental leader in their team.","Budgeting Level 5; Business Performance Management Level 5; Continuous Improvement Level 5; Critical Thinking Level 5; Cyber and Data Breach Incident Management Level 4; Cyber Forensics Level 4-5; Cyber Risk Management Level 5; Cybersecurity Level 5; Data Analytics Level 5; Data Governance Level 5; Disaster Recovery Management Level 4-5; Emerging Technology Synthesis Level 5; IT Governance Level 4-5; IT Standards Level 4-5; IT Strategy Level 4-5; Learning and Development Level 6; Manpower Planning Level 4; Networking Level 4; People and Performance Management Level 4; Process Improvement and Optimisation Level 5; Programming and Coding Level 4; Quality Standards Level 4-5; Security Assessment and Testing Level 4; Security Education and Awareness Level 5; Security Governance Level 5; Security Operation Compliance Level 4; Security Program Management Level 4; Security Strategy Level 4-5; Security Threat Research Level 4; Stakeholder Management Level 5; Strategy Implementation Level 4; Strategy Planning Level 5; Threat Analysis and Defense Level 4; Threat Intelligence and Detection Level 4; Threat and Vulnerability Management Level 4; Training, Coaching and Assessment Management Level 4; Collaboration Advanced; Communication Advanced; Creative Thinking Advanced; Decision Making Advanced; Developing People Advanced; Digital Fluency Advanced; Problem Solving Advanced; Sense Making Advanced",
Threat Analysis Manager,"The Threat Analysis Manager plans out strategies to pre-empt potential threats in an organization’s cyber related systems. This individual is responsible for identifying the IT assets that are prone to cyber threats and attacks. They proactively monitor the open web and identify potential threats and groups or individuals capable of attempting cyber-attacks. They run tests and analyze different areas of the IT assets to ensure they are safe from cyber-attacks. The Threat Analysis Manager is familiar with cyber security standards, protocols and frameworks. These individuals are knowledgeable in using various cyber security analysis tools and techniques to monitor and identify potential incidents. The Threat Analysis Manager is alert and vigilant in performing monitoring activities, and is able to analyze and identify potential security-related issues, which may have critical impact on security and operational systems. They communicate clearly in his interactions with others and coordinate effectively with their team to perform security operations. Critical Work Performance Functions Expectations Assess • Develop and implement strategies to identify assets prone to cyber threats and attacks organizational • De-construct the architecture of applications to uncover potential threats and assets for vulnerabilities in the design, implementation, deployment or configuration of the potential cyber application and systems threats • Conduct in-depth analysis of existing threats and identify existing gaps in the current cyber security set-up","Audit and Compliance Level 4; Budgeting Level 5; Business Performance Management Level 4-5; Continuous Improvement Level 5; Critical Thinking Level 5; Cyber and Data Breach Incident Management Level 5; Cyber Forensics Level 4-5; Cybersecurity Level 5; Data Analytics Level 5; Data Governance Level 5; Disaster Recovery Management Level 4-5; Emerging Technology Synthesis Level 5; Infrastructure Design Level 3; Infrastructure Strategy Level 4-5; IT Governance Level 4-5; IT Standards Level 4-5; IT Strategy Level 4-5; Learning and Development Level 6; Manpower Planning Level 4; Networking Level 4; Network Security Level 4; People and Performance Management Level 4; Programming and Coding Level 4; Quality Standards Level 4-5; Security Architecture Level 4; Security Assessment and Testing Level 5; Security Education and Awareness Level 5; Security Operation Compliance Level 4; Security Program Management Level 5; Security Strategy Level 5; Security Surveillance Management Level 4; Security Threat Research Level 5; Stakeholder Management Level 4-5; Strategy Implementation Level 4; Strategy Planning Level 5; Threat Analysis and Defence Level 5; Threat Intelligence and Detection Level 5; Threat and Vulnerability Management Level 4; Training, Coaching and Assessment Management Level 4; Collaboration Advanced; Communication Advanced; Creative Thinking Advanced; Decision Making Advanced; Developing People Advanced; Digital Fluency Advanced; Problem Solving Advanced; Sense Making Advanced",
Chief Information Security Officer,"The Chief Information Security Officer (CISO) develops and drives the vision for the information security function. They act as the authority for the development and enforcement of the organization’s security strategy, standards, and policies, and have ultimate responsibility for ensuring the protection of corporate information. They guide the design and continuous improvement of the IT security architecture and Cyber Risk Maturity Model that balances business needs with security risks. They advise the board and top executives on all security matters and set directions for complying with regulatory inquiries, legal and compliance regulations, inspections, and audits. The CISO may not be a lawyer or possess a law degree but they should at least have legal and criminal law background. They should have a very high proficiency in evidence handling and collection management. They are expert in cyber security management The Chief Information Security Officer is an expert in cyber security compliance standards, protocols, and frameworks, as well as the Data Privacy Act of 2012 (Republic Act No. 10173), Cybercrime Prevention Act of 2012, Electronic Commerce Act of 2000 (Republic Act No. 8792), Anti-Child Pornography Act (Republic Act No. 9775), Anti-Photo and Video Voyeurism Act (Republic Act No. 9995), The Consumer Act of the Philippines (Republic Act No. 7394), The General Banking Law of 2000 (Republic Act No. 8791), Electronic Banking - Bangko Sentral ng Pilipinas (BSP) Circular 1022, Anti-Money Laundering Act 2001 (Republic Act No. 9160) as amended, The Agricultural and Fisheries Modernization Act of 1997 (Republic Act No. 8435), and the New Central Bank Act (Republic Act No. 7653). They are kept abreast of cyber-related applications and hardware technologies and services and are constantly on the lookout for new technologies that may be leveraged to enhance work processes, or which may pose potential threats. The Chief Information Security Officer is an inspirational and influential leader, who displays sound judgment and decisiveness in ensuring that corporate information is well-protected and secured. They are strategic in their approach toward resource management and capability development among their teams.","Audit and Compliance Level 5; Budgeting Level 6; Business Continuity Level 6; Business Needs Analysis Level 5; Business Performance Management Level 6; Business Risk Management Level 6; Continuous Improvement Level 5; Critical Thinking Level 5; Cyber and Data Breach Incident Management Level 6; Cyber Forensics Level 6; Cyber Risk Management Level 6; Cybersecurity Level 5; Data Analytics Level 5; Data Governance Level 5; Disaster Recovery Management Level 5-6; Emerging Technology Synthesis Level 5-6; Infrastructure Design Level 4-5; Infrastructure Strategy Level 5-6; IT Governance Level 5-6; IT Standards Level 5-6; IT Strategy Level 5-6; Learning and Development Level 6; Manpower Planning Level 5; Networking Level 5; Network Security Level 5; Partnership Management Level 6; People and Performance Management Level 5; Project Management Level 5; Quality Standards Level 5-6; Security Architecture Level 5; Security Assessment and Testing Level 5; Security Education and Awareness Level 5; Security Governance Level 6; Security Operation Compliance Level 4; Security Program Management Level 5; Security Strategy Level 5-6; Security Threat Research Level 5; Stakeholder Management Level 5-6; Strategy Implementation Level 4; Strategy Planning Level 6; Threat Analysis and Defence Level 6; Threat Intelligence and Detection Level 6; Threat and Vulnerability Management Level 4; Training, Coaching and Assessment Management Level 4-5; Building Inclusivity Advanced; Communication Advanced; Creative Thinking Advanced; Customer Orientation Advanced; Decision Making Advanced; Developing People Advanced; Digital Fluency Advanced; Global Perspective Advanced; Influence Advanced; Learning Agility Advanced; Transdisciplinary Thinking Advanced",
Cyber Risk Analyst,"The Cyber Risk Analyst conducts cyber risk assessment in support of technology initiatives to help identify IT related risk and determines appropriate controls to mitigate risks. This individual monitors, tracks and manages risk mitigations and exceptions to ensure cyber security standards and policies are established. They apply a defined set of analytical or scientific methods and work independently. They are also responsible for documentation of cyber risk assessment reports. The Cyber Risk Analyst is familiar with cyber security standards, protocols and frameworks, and acts in accordance with the the Data Privacy Act of 2012 (Republic Act No. 10173), Cybercrime Prevention Act of 2012, Electronic Commerce Act of 2000 (Republic Act No. 8792), Anti-Child Pornography Act (Republic Act No. 9775), Anti-Photo and Video Voyeurism Act (Republic Act No. 9995),The Consumer Act of the Philippines (Republic Act No. 7394),The General Banking Law of 2000 (Republic Act No. 8791), Electronic Banking - Bangko Sentral ng Pilipinas (BSP) Circular 1022, Anti-Money Laundering Act 2001 (Republic Act No. 9160) as amended, The Agricultural and Fisheries Modernization Act of 1997 (Republic Act No. 8435), and the New Central Bank Act (Republic Act No. 7653). They are knowledgeable in using various cyber security monitoring and analysis tools and techniques depending on the organization’s needs and requirements. The Cyber Risk Analyst is vigilant and systematic in identifying cyber risks and enjoys analyzing and investigating such issues. They are strong team players, and communicate well both verbally and in writing.",Audit and Compliance Level 5; Business Needs Analysis Level 3; Cyber and Data Breach Incident Management Level 3; Cyber Forensics Level 3; Cyber Risk Management Level 4; IT Governance Level 4; Security Administration Level 3; Security Education and Awareness Level 4-5; Security Governance Level 4; Security Programme Management Level 4; Stakeholder Management Level 3; Strategy Implementation Level 4; Strategy Planning Level 4; Collaboration Intermediate; Communication Advanced; Creative Thinking Intermediate; Decision Making Intermediate; Digital Fluency Advanced; Problem Solving Advanced; Sense Making Advanced; Transdisciplinary Thinking Advanced,
Cyber Risk Manager,"The Cyber Risk Manager guides the assessment of information and cyber risks associated with technology initiatives and provides recommendations on control requirements by risk policy and standards. This individual manages and coordinates responses to regulatory inquiries, inspections, and audits and ensures cyber security standards and policies are established and implemented. They oversee the development of reports and implement policies and standards. They also manage employees and are held accountable for the performance and results of a team. They guide security measures and protocols to stakeholders. The Cyber Risk Manager is familiar with cyber security standards, protocols, and frameworks, and ensures the organization’s compliance to the Data Privacy Act of 2012 (Republic Act No. 10173), Cybercrime Prevention Act of 2012, Electronic Commerce Act of 2000 (Republic Act No. 8792), Anti-Child Pornography Act (Republic Act No. 9775), Anti-Photo and Video Voyeurism Act (Republic Act No. 9995), The Consumer Act of the Philippines (Republic Act No. 7394), The General Banking Law of 2000 (Republic Act No. 8791), Electronic Banking - Bangko Sentral ng Pilipinas (BSP) Circular 1022, Anti-Money Laundering Act 2001 (Republic Act No. 9160) as amended, The Agricultural and Fisheries Modernization Act of 1997 (Republic Act No. 8435), and the New Central Bank Act (Republic Act No. 7653). This individual is knowledgeable in using various cyber security monitoring and analysis tools and techniques depending on the organization’s needs and requirements. They also have expertise in cyber risk mitigation strategies and protocols. The Cyber Risk Manager has a sharp, analytical mind and can anticipate problems and risks to mitigate them ahead of time. They are an excellent communicator who works well with others and promotes a cooperative working environment and relationships within and beyond their team.",Audit and Compliance Level 4; Budgeting Level 5; Business Needs Analysis Level 4; Business Performance Management Level 5; Cyber and Data Breach Incident Management Level 4; Cyber Forensics Level 4-5; Cyber Risk Management Level 5; IT Governance Level 5; Learning and Development Level 4-5; Manpower Planning Level 4; Networking Level 4; People and Performance Management Level 4; Security Administration Level 4; Security Architecture Level 4; Security Education and Awareness Level 5; Security Governance Level 5; Security Program Management Level 5; Security Strategy Level 5; Stakeholder Management Level 4-5; Strategy Implementation Level 4; Strategy Planning Level 5; Collaboration Advanced; Communication Advanced; Creative Thinking Advanced; Decision Making Advanced; Developing People Advanced; Digital Fluency Advanced; Global Perspective Advanced; Problem Solving Advanced; Sense Making Advanced; Transdisciplinary Thinking Advanced,
Data Security Specialist / Analyst,"The Data Security Specialist / Analyst helps protect an organization’s sensitive information, such as using and maintaining software, such as firewalls and data encryption programs. In addition, they maintain trust and confidence of clients and stakeholders, and keep users informed. They prepare performance reports and communicate system status. They are knowledgeable with cyber security standards, protocols and frameworks, and works in accordance with the Data Privacy Act of 2012 (Republic Act No. 10173), Cybercrime Prevention Act of 2012, Electronic Commerce Act of 2000 (Republic Act No. 8792), Anti-Child Pornography Act (Republic Act No. 9775), Anti- Photo and Video Voyeurism Act (Republic Act No. 9995),The Consumer Act of the Philippines (Republic Act No. 7394),The General Banking Law of 2000 (Republic Act No. 8791), Electronic Banking - Bangko Sentral ng Pilipinas (BSP) Circular 1022, Anti-Money Laundering Act 2001 (Republic Act No. 9160) as amended, The Agricultural and Fisheries Modernization Act of 1997 (Republic Act No. 8435), and the New Central Bank Act (Republic Act No. 7653). Critical Work Performance Functions Expectations Preventing • Run tests and assessments to identify potential security vulnerabilities In accordance with: security breaches • Monitor networks for security breaches and investigate when one occurs",Audit and Compliance Level 4; Budgeting Level 4-5; Business Continuity Level 4; Compliance with Legal Regulations Level 5; Critical Thinking Level 4; Cyber and Data Breach Incident Management Level 4; Cyber Risk Management Level 5; Cybersecurity Level 3; Data Ethics Level 3-4; Data Governance Level 4; Data Strategy Level 4; Digital Forensics Level 3; Disaster Recovery Management Level 4; Emerging Technology Synthesis Level 4; Enterprise Architechture Level 4; Infocomm Security and Data Privacy Level 3; IT Governance Level 4; IT Standards Level 5; Learning and Development Level 4; People and Performance Management Level 3; Quality Standards Level 4; Regulatory and Legal Advisory Level 3-4; Research Level 4; Security Education and Awareness Level 4; Security Program Management Level 4; Stakeholder Management Level 4-5; Strategy Implementation Level 3; Strategy Planning Level 4; Threat Analysis and Defense Level 4; Threat Intelligence and Detection Level 4; Adaptability Intermediate; Collaboration Intermediate; Communication Intermediate; Creative Thinking Intermediate; Decision Making Intermediate; Developing People Intermediate; Digital Fluency Advanced; Problem Solving Intermediate; Self Management Intermediate; Sense Making Intermediate,
Compliance Officer for Privacy,"The Compliance Officer for Privacy is a person or people who perform some of the same functions as a Data Protection Officer (DPO). They oversee privacy governance, compliance, and risk management activities within the organization. He/She will assist in developing privacy strategies, policies, and procedures to ensure compliance with relevant laws such as the Data Privacy Act. They perform risk assessments, manage data subject requests, handle incident responses, and provide training and guidance to internal stakeholders. They are expected to advise members in the organization on privacy risks, disseminate and enforce policies, provide training, monitor compliance, and liaise with regulators when needed. They are knowledgeable with cyber security standards, protocols, and frameworks, and work in accordance with the Data Privacy Act of 2012 (Republic Act No. 10173), Cybercrime Prevention Act of 2012, Electronic Commerce Act of 2000 (Republic Act No. 8792), Anti-Child Pornography Act (Republic Act No. 9775), Anti- Photo and Video Voyeurism Act (Republic Act No. 9995), The Consumer Act of the Philippines (Republic Act No. 7394), The General Banking Law of 2000 (Republic Act No. 8791), Electronic Banking - Bangko Sentral ng Pilipinas (BSP) Circular 1022, Anti-Money Laundering Act 2001 (Republic Act No. 9160) as amended, The Agricultural and Fisheries Modernization Act of 1997 (Republic Act No. 8435), and the New Central Bank Act (Republic Act No. 7653). According to NPC Advisory 17-01 dated March 14, 2017, a DPO must be a full-time or organic employee of the government. A component city, municipality, or barangay can designate a COP, as long as the COP is under the supervision of the DPO.",Audit and Compliance Level 4; Budgeting Level 4-5; Business Continuity Level 4; Compliance with Legal Regulations Level 5; Critical Thinking Level 4; Cyber and Data Breach Incident Management Level 5; Cybersecurity Level 3; Data Ethics Level 4-5; Data Governance Level 4-5; Data Strategy Level 4-5; Digital Forensics Level 3-4; Disaster Recovery Management Level 4; Emerging Technology Synthesis Level 4; Enterprise Architechture Level 4; Infocomm Security and Data Privacy Level 3; IT Governance Level 4-5; IT Standards Level 5; Learning and Development Level 4-5; People and Performance Management Level 4; Quality Standards Level 4-5; Regulatory and Legal Advisory Level 5; Research Level 4-5; Security Education and Awareness Level 4-5; Security Program Management Level 4-5; Stakeholder Management Level 4-5; Strategy Implementation Level 3; Strategy Planning Level 4-5; Threat Analysis and Defense Level 4; Threat Intelligence and Detection Level 4-5; Adaptability Advanced; Collaboration Intermediate; Communication Intermediate; Creative Thinking Intermediate; Decision Making Advanced; Developing People Intermediate; Digital Fluency Advanced; Problem Solving Intermediate; Self Management Intermediate; Sense Making Intermediate,
Data Protection Officer,"The Data Protection Officer (DPO) is responsible for ensuring compliance with the Data Privacy Act (DPA), its Implementing Rules and Regulations (IRR), issuances by the National Privacy Commission (NPC), and other applicable laws and policies related to data privacy and security. The DPO plays a crucial role in protecting the rights of data subjects and upholding the principles of data privacy and security within the organization. They serve as a key point of contact between the organization, data subjects, and regulatory authorities. Moreover, the DPO plays a crucial role in managing data breaches and security incidents, overseeing the preparation and submission of reports to the National Privacy Commission (NPC). They are tasked with promoting awareness and cultivating a culture of data privacy within the organization, educating staff on relevant laws and regulations. The DPO advocates for the development and review of policies, guidelines, and programs related to data privacy, adopting a privacy by design approach. The DPO serves as the primary contact for data subjects, the NPC, and other authorities regarding data privacy and security matters. They cooperate and coordinate with the NPC, seeking advice on relevant issues. In performing their duties, the DPO must prioritize their activities based on the risks associated with the organization’s processing operations, focusing on areas with higher data protection risks. The DPO must perform their duties independently and with a significant degree of autonomy within the organization. The DPO’s opinion and recommendations should be given due weight, and any disagreements or deviations from the DPO’s advice should be documented with justifications.",Audit and Compliance Level 5; Budgeting Level 4; Business Agility Level 5-6; Business Continuity Level 5; Business Negotiation Level 4; Business Risk Management Level 5-6; Compliance with Legal Regulations Level 6; Cyber and Data Breach Incident Management Level 5-6; Crisis Communication and Media Management Level 5; Critical Thinking Level 5; Cyber and Data Breach Incident Management Level 4; Cybersecurity Level 3; Data Ethics Level 5-6; Data Governance Level 5-6; Data Strategy Level 5-6; Digital Forensics Level 4; Disaster Recovery Management Level 4; Emerging Technology Synthesis Level 5; Enterprise Architechture Level 4; Infocomm Security and Data Privacy Level 3; IT Governance Level 5-6; IT Standards Level 5-6; Learning and Development Level 5; People and Performance Management Level 4; Quality Standards Level 5-6; Regulatory and Legal Advisory Level 4-5; Research Level 5; Security Education and Awareness Level 4-5; Security Program Management Level 4-5; Stakeholder Management Level 4-5; Strategy Implementation Level 3-4; Strategy Planning Level 4-5; Threat Analysis and Defense Level 4-5; Threat Intelligence and Detection Level 5-6; Adaptability Advanced; Collaboration Advanced; Communication Advanced; Creative Thinking Advanced; Decision Making Advanced; Developing People Advanced; Digital Fluency Advanced; Problem Solving Advanced; Self Management Advanced; Sense Making Advanced,
IT Auditor,"The IT Auditor determines audit objectives and activities by examining changes to the technological landscape, regulations, and the organization’s IT assets and technologies to identify potential risks to IT assets. They assist in the development of an IT audit plan which includes outlining all workflows and audit activities. This individual conducts audit activities as per the audit plan and analyzes IT business controls and processes against organizational and industry standards to identify areas of non-compliance and potential risks. They assist with investigation and the preparation of documentation of work performed and develop reports. They also identify potential recommendations to enhance compliance and address risks identified. The IT Auditor works in a dynamic environment due to rapid changes in the IT landscape. They are knowledgeable of relevant regulatory requirements and internal auditing standards, particularly in the area of technology risk management. The IT Auditor has a natural ability to process diverse sets of information and see relevant interdependencies and linkages. They are inquisitive and observant when analyzing issues and can effectively articulate concepts and ideas.",Audit and Compliance Level 3-4; Budgeting Level 3-4; Business Performance Management Level 3; Business Risk Management Level 3; Data Analytics Level 2-3; Data Governance Level 4; IT Governance Level 4; IT Standards Level 4; IT Strategy Level 4; Learning and Development Level 4; Manpower Planning Level 3; Networking Level 3; Partnership Management Level 3; People and Performance Management Level 3; Process Improvement and Optimisation Level 3; Quality Standards Level 4; Security Governance Level 4; Stakeholder Management Level 2-3; Strategy Implementation Level 3; Strategy Planning Level 4; Sustainability Management Level 4; Building Inclusivity Advanced; Communication Advanced; Decision Making Advanced; Digital Fluency Advanced; Problem Solving Advanced; Sense Making Advanced; Transdisciplinary Thinking Advanced,
IT Audit Manager,"The IT Audit Manager determines the objectives and potential impact of IT audit plans arising from changes in the technological landscape and regulations. This individual develops an IT audit plan that complies with relevant auditing standards. They manage the implementation of IT audit plans and activities, the investigation of non-compliance, and identify risks to determine required changes to structure, policies, processes, and behaviors. The IT Audit Manager reviews audit findings and assesses the overall state of IT governance, compliance, and risks, including evidence for accuracy and comprehensiveness to support audit conclusions. They review audit reports for comprehensiveness and adherence to relevant reporting standards and develop recommendations to enhance IT compliance and strengthen controls against emerging risks. They can also guide team members on the planning and implementation IT audits. The IT Audit Manager works in a dynamic environment due to rapid changes in the IT landscape. They are knowledgeable of relevant regulatory requirements and internal auditing standards, particularly in technology risk management. The IT Audit Manager is detail-oriented and is passionate about interpreting data to uncover patterns and trends between various sources of information. They can independently drive for the resolution of issues, clearly articulate concepts, and provide advice to the broader audience.",Audit and Compliance Level 4-5; Budgeting Level 4-5; Business Performance Management Level 4; Business Risk Management Level 4; Data Analytics Level 4; Data Governance Level 5; IT Governance Level 5; IT Standards Level 5; IT Strategy Level 5; Learning and Development Level 5; Manpower Planning Level 4; Networking Level 4; Partnership Management Level 4; People and Performance Management Level 4; Process Improvement and Optimisation Level 4; Quality Standards Level 4; Security Governance Level 4-5; Stakeholder Management Level 4; Strategy Implementation Level 4; Strategy Planning Level 4; Sustainability Management Level 4; Building Inclusivity Advanced; Communication Advanced; Decision Making Advanced; Developing People Advanced; Digital Fluency Advanced; Problem Solving Advanced; Sense Making Advanced; Transdisciplinary Thinking Advanced,
Head of IT Audit,"The Head of IT Audit develops the organization’s IT audit framework to manage regulatory and operational risks to safeguard IT assets. This individual defines key objectives and guiding principles for the formulation of IT risk management programs, as well as procedures for documenting and updating policies, standards, and guidelines relating to the management of IT assets. The Head of IT advises on the development of IT audit plans and ensures that audit plans comply with regulatory, operational, and security risks and relevant internal auditing standards. They oversee the conduct of audits, respective investigations into non-compliance, and risks identified from audits. The Head of IT overlooks new IT policies, systems, and processes necessary for enhancing IT controls and mitigating risks. They consult with and advise senior leaders regarding internal controls and security procedures, and prepare activity and progress reports relating to the IT audit function. He also guides team members on procedures, technical problems, priorities, and methods to develop audit capabilities. The Head of IT works in a dynamic environment due to rapid changes in the IT landscape. They are knowledgeable of relevant regulatory requirements and internal auditing standards, particularly in the area of technology risk management. The Head of IT Audit possesses strong leadership and communication abilities and is able to set realistic goals and implement appropriate plans to guide the team toward achieving those goals. They have a deep understanding of the environment in which systems operate and are able to advise and influence key stakeholders.",Audit and Compliance Level 5; Budgeting Level 5-6; Business Performance Management Level 4-5; Business Risk Management Level 4-5; Data Analytics Level 4-5; Data Governance Level 6; IT Governance Level 5-6; IT Standards Level 5-6; IT Strategy Level 6; Learning and Development Level 6; Manpower Planning Level 4; Networking Level 5; Partnership Management Level 5; People and Performance Management Level 5; Process Improvement and Optimisation Level 5; Quality Standards Level 5; Security Governance Level 5-6; Stakeholder Management Level 5; Strategy Implementation Level 4; Strategy Planning Level 4-5; Sustainability Management Level 4-5; Building Inclusivity Advanced; Communication Advanced; Decision Making Advanced; Developing People Advanced; Digital Fluency Advanced; Problem Solving Advanced; Sense Making Advanced; Transdisciplinary Thinking Advanced,
